step,energy,ewmean,ewvar,pmove,locstd,mcmc_width
0,1349.1746,1349.1746,0.0,0.41455078,24.564943,0.047510527
1,1348.3313,1349.0902,0.063998125,0.4102539,25.42823,0.047510527
2,1348.0609,1348.9873,0.15294899,0.41430664,33.316013,0.047510527
3,1347.3401,1348.8226,0.38185316,0.40820312,21.912613,0.047510527
4,1346.8429,1348.6246,0.6964099,0.40698242,23.299215,0.047510527
5,1346.8848,1348.4507,0.89921165,0.4086426,22.719763,0.047294002
6,1347.2559,1348.3312,0.9377749,0.40971678,20.763258,0.047294002
7,1346.5109,1348.1492,1.1422157,0.40439454,20.509295,0.047294002
8,1346.8387,1348.0181,1.1825433,0.4099121,19.625347,0.047294002
9,1346.65,1347.8812,1.2327274,0.41372073,21.677877,0.047294002
10,1347.2205,1347.8152,1.1487497,0.40981448,27.800936,0.047081225
11,1346.9634,1347.73,1.0991764,0.40585938,21.511929,0.047081225
12,1346.4133,1347.5983,1.1452799,0.41552734,24.996794,0.047081225
13,1347.3184,1347.5703,1.0378032,0.41918945,37.563534,0.047081225
14,1347.082,1347.5215,0.9554805,0.4051758,32.589233,0.047081225
15,1346.8469,1347.454,0.90088534,0.40478516,44.108215,0.046857614
16,1347.5369,1347.4623,0.8114151,0.41147462,47.394108,0.046857614
17,1352.7697,1347.993,3.2654126,0.40346682,276.7499,0.046857614
18,1347.3566,1347.9294,2.97533,0.4095215,42.34362,0.046857614
19,1348.8792,1348.0244,2.758972,0.41254884,104.65606,0.046857614
20,1347.5178,1347.9738,2.506172,0.41020507,41.827656,0.046647713
21,1346.9343,1347.8699,2.3527918,0.41132814,22.864738,0.046647713
22,1346.2183,1347.7047,2.3630164,0.4164551,20.018919,0.046647713
23,1346.2275,1347.557,2.3230982,0.41552734,25.01313,0.046647713
24,1346.7871,1347.48,2.144135,0.42104492,20.372883,0.046647713
25,1346.493,1347.3813,2.0173857,0.4131836,21.133072,0.046445657
26,1347.958,1347.439,1.8455755,0.4197754,57.736908,0.046445657
27,1348.7529,1347.5703,1.8164033,0.41152346,52.67759,0.046445657
28,1349.2926,1347.7426,1.9017284,0.41313478,71.76791,0.046445657
29,1347.7954,1347.7478,1.711807,0.41655272,29.168568,0.046445657
30,1346.7708,1347.6501,1.6265428,0.41005862,21.115053,0.046237256
31,1347.1445,1347.5996,1.4868966,0.4161133,21.103113,0.046237256
32,1346.0853,1347.4482,1.5445814,0.41552734,19.674677,0.046237256
33,1346.4524,1347.3486,1.4793777,0.4147461,19.780714,0.046237256
34,1346.75,1347.2888,1.3636924,0.40947267,19.065653,0.046237256
35,1347.1907,1347.279,1.2281901,0.41020507,23.009207,0.046030134
36,1347.2596,1347.2771,1.105405,0.41816407,21.567486,0.046030134
37,1347.9409,1347.3435,1.0345234,0.42001954,23.190632,0.046030134
38,1347.4585,1347.355,0.93226105,0.41259766,24.13245,0.046030134
39,1352.3171,1347.8512,3.0551062,0.41757813,272.63855,0.046030134
40,1347.7607,1347.8422,2.7503319,0.42338866,40.31555,0.045854148
41,1347.3705,1347.795,2.495322,0.42412108,20.97013,0.045854148
42,1347.4365,1347.7592,2.257358,0.4159668,24.070858,0.045854148
43,1346.7325,1347.6565,2.126476,0.41782227,24.54764,0.045854148
44,1346.3472,1347.5255,2.0681186,0.41787112,20.06699,0.045854148
45,1346.7407,1347.447,1.9167372,0.41269532,18.472599,0.045654416
46,1346.6385,1347.3662,1.7838899,0.42319337,20.727339,0.045654416
47,1346.6005,1347.2897,1.658274,0.4254883,19.507284,0.045654416
48,1346.298,1347.1906,1.5809586,0.4291504,25.454552,0.045654416
49,1346.4314,1347.1146,1.4747312,0.4254883,21.550282,0.045654416
50,1345.5524,1346.9584,1.5469159,0.42172852,30.502241,0.04547609
51,1346.9573,1346.9583,1.3922243,0.42827147,47.79878,0.04547609
52,1346.469,1346.9093,1.2745454,0.4222168,27.489607,0.04547609
53,1346.7279,1346.8911,1.1500522,0.426709,23.820272,0.04547609
54,1346.5693,1346.8589,1.0443655,0.4284668,20.18548,0.04547609
55,1345.9325,1346.7662,1.0171671,0.42050782,22.560904,0.045295697
56,1379.8704,1350.0767,99.54493,0.43139648,1488.5497,0.045295697
57,1346.7262,1349.7416,90.60074,0.42597657,24.840282,0.045295697
58,1346.3984,1349.4072,82.546555,0.43076172,18.224165,0.045295697
59,1345.2529,1348.9918,75.84513,0.4230469,21.373081,0.045295697
60,1345.8442,1348.677,69.152275,0.42382812,19.53344,0.045123518
61,1345.5873,1348.368,63.09622,0.43344727,21.723923,0.045123518
62,1345.8386,1348.1151,57.36241,0.426709,21.736383,0.045123518
63,1346.8887,1347.9924,51.761543,0.42460936,54.78548,0.045123518
64,1345.6686,1347.76,47.07141,0.42612305,22.10024,0.045123518
65,1346.3193,1347.616,42.551067,0.42709962,19.982834,0.044959348
66,1346.3726,1347.4916,38.435104,0.4338867,20.825483,0.044959348
67,1345.9575,1347.3381,34.80339,0.43110353,20.274628,0.044959348
68,1346.5173,1347.2561,31.383684,0.432666,23.364515,0.044959348
69,1345.9376,1347.1243,28.401772,0.43256837,18.558247,0.044959348
70,1347.4883,1347.1606,25.573519,0.4328125,52.308228,0.044808567
71,1346.4569,1347.0903,23.060738,0.43120116,30.599964,0.044808567
72,1346.6448,1347.0458,20.77253,0.43603516,20.240767,0.044808567
73,1346.7556,1347.0167,18.702854,0.42631838,24.577248,0.044808567
74,1347.2585,1347.0409,16.837831,0.4324707,26.381475,0.044808567
75,1346.8602,1347.0228,15.156985,0.43613282,19.892815,0.044665705
76,1347.4221,1347.0627,13.655636,0.42841798,28.34235,0.044665705
77,1346.8434,1347.0408,12.294403,0.43471682,23.862284,0.044665705
78,1346.6632,1347.003,11.077792,0.4319336,23.256823,0.044665705
79,1346.528,1346.9556,9.990327,0.42827147,43.59171,0.044665705
80,1347.294,1346.9894,9.001598,0.4351074,47.666786,0.044521015
81,1346.526,1346.943,8.120763,0.4328125,24.942886,0.044521015
82,1346.9768,1346.9464,7.3087893,0.44135743,27.876678,0.044521015
83,1346.1011,1346.8618,6.6422234,0.43837893,25.91531,0.044521015
84,1345.875,1346.7632,6.0656433,0.43896484,19.517736,0.044521015
85,1345.956,1346.6825,5.5177097,0.43959963,20.161964,0.04438676
86,1345.7454,1346.5887,5.0449786,0.44194335,20.481384,0.04438676
87,1345.978,1346.5277,4.5740485,0.4351074,18.830807,0.04438676
88,1345.936,1346.4685,4.148151,0.43129882,22.260153,0.04438676
89,1346.3569,1346.4574,3.7344563,0.4407715,26.851076,0.04438676
90,1346.1449,1346.4261,3.3697996,0.4338379,20.927048,0.04424017
91,1346.2281,1346.4064,3.0363479,0.4402344,19.156633,0.04424017
92,1346.086,1346.3744,2.7419472,0.44135743,19.760254,0.04424017
93,1346.0671,1346.3436,2.4762487,0.44003907,17.31568,0.04424017
94,1346.516,1346.3608,2.2312977,0.4397461,20.388058,0.04424017
95,1346.3433,1346.3591,2.0081959,0.43652344,18.116419,0.04409998
96,1345.9846,1346.3217,1.8199996,0.43432617,18.886103,0.04409998
97,1345.2964,1346.2191,1.7326053,0.43862307,18.952019,0.04409998
98,1345.6697,1346.1642,1.5865142,0.44326174,26.675766,0.04409998
99,1345.1926,1346.067,1.512816,0.4459473,17.290005,0.04409998
100,1345.7584,1346.0361,1.370105,0.44091797,17.93959,0.043969903
101,1345.9761,1346.0302,1.2334192,0.4402832,23.248621,0.043969903
102,1346.6641,1346.0935,1.1462432,0.43857422,20.559223,0.043969903
103,1346.248,1346.109,1.0337683,0.44316405,19.551779,0.043969903
104,1345.7446,1346.0725,0.942341,0.43974608,17.440264,0.043969903
105,1346.3086,1346.0961,0.8531231,0.44106445,18.521822,0.04384052
106,1345.9395,1346.0804,0.77001834,0.44448245,22.710175,0.04384052
107,1346.0463,1346.077,0.6931216,0.44794923,21.652002,0.04384052
108,1345.9047,1346.0598,0.62648326,0.4405762,28.899939,0.04384052
109,1345.9684,1346.0507,0.5645873,0.448291,20.377571,0.04384052
110,1346.4911,1346.0947,0.5255866,0.44697267,21.211243,0.043724433
111,1346.2542,1346.1107,0.47531536,0.448584,22.048365,0.043724433
112,1346.4196,1346.1416,0.43636808,0.4477539,20.32252,0.043724433
113,1346.5737,1346.1848,0.40953743,0.43945312,18.47682,0.043724433
114,1347.2295,1346.2893,0.4668053,0.44345704,18.50458,0.043724433
115,1347.9373,1346.4541,0.66454107,0.4366211,22.416105,0.043586086
116,1346.9844,1346.5071,0.623394,0.44658202,20.495596,0.043586086
117,1347.1271,1346.5691,0.5956501,0.4400879,21.362509,0.043586086
118,1348.0698,1346.7191,0.7387829,0.440625,46.727516,0.043586086
119,1346.833,1346.7305,0.666072,0.43623048,20.807127,0.043586086
120,1346.1635,1346.6738,0.6284005,0.4404785,18.706152,0.04345656
121,1346.3534,1346.6418,0.5748015,0.44311523,20.904001,0.04345656
122,1346.2137,1346.599,0.5338156,0.44536132,19.525963,0.04345656
123,1346.8037,1346.6195,0.48420566,0.44628906,21.127483,0.04345656
124,1346.1185,1346.5695,0.45837304,0.44384766,18.154728,0.04345656
125,1345.925,1346.505,0.44990942,0.44277343,16.855923,0.043332398
126,1345.4984,1346.4043,0.4961089,0.4456543,17.692482,0.043332398
127,1345.9202,1346.3558,0.46759245,0.448291,19.01603,0.043332398
128,1346.0425,1346.3245,0.42967036,0.447168,17.27642,0.043332398
129,1345.5814,1346.2501,0.43639335,0.44746095,17.2416,0.043332398
130,1345.2031,1346.1454,0.49141228,0.44794923,17.30338,0.043219768
131,1345.6646,1346.0973,0.46307924,0.453125,17.89751,0.043219768
132,1345.7876,1346.0663,0.42540315,0.45048827,19.357494,0.043219768
133,1345.6595,1346.0256,0.39775205,0.4536621,18.345844,0.043219768
134,1346.0049,1346.0236,0.3580156,0.45336914,21.660847,0.043219768
135,1349.5249,1346.3737,1.4255601,0.4506836,124.68191,0.04311333
136,1347.4517,1346.4814,1.3875922,0.44560546,59.208447,0.04311333
137,1348.1989,1346.6532,1.5142868,0.44863284,75.214806,0.04311333
138,1346.0216,1346.5901,1.3987597,0.4472168,18.955301,0.04311333
139,1346.0972,1346.5408,1.280751,0.44545898,16.387259,0.04311333
140,1346.6158,1346.5483,1.1531831,0.45581055,19.80935,0.043018177
141,1346.5563,1346.5491,1.0378704,0.44902343,21.239958,0.043018177
142,1347.7537,1346.6696,1.0646766,0.4519043,37.08538,0.043018177
143,1347.199,1346.7225,0.9834346,0.44921875,23.638926,0.043018177
144,1346.6952,1346.7198,0.8851584,0.45073244,18.889507,0.043018177
145,1347.0299,1346.7509,0.8052948,0.4532715,39.52734,0.042917784
146,1346.956,1346.7714,0.72855496,0.44252932,26.507435,0.042917784
147,1354.7556,1347.5698,6.3930464,0.45004883,368.445,0.042917784
148,1346.986,1347.5115,5.7844224,0.4550293,43.33625,0.042917784
149,1349.1196,1347.6722,5.4387345,0.45351565,127.84636,0.042917784
150,1346.9697,1347.602,4.939278,0.45,42.460102,0.04281062
151,1346.3973,1347.4816,4.5759697,0.45634764,22.66366,0.04281062
152,1345.4436,1347.2778,4.492169,0.45268553,20.673847,0.04281062
153,1345.8193,1347.132,4.2344007,0.4597656,20.484827,0.04281062
154,1345.7717,1346.996,3.9774806,0.4465332,19.294115,0.04281062
155,1345.5231,1346.8486,3.7749817,0.44628906,25.187778,0.042695805
156,1346.6042,1346.8242,3.4028587,0.46264648,35.74876,0.042695805
157,1345.6212,1346.7039,3.1928222,0.45151368,50.89728,0.042695805
158,1345.4966,1346.5831,3.0047162,0.45322266,19.747551,0.042695805
159,1345.1917,1346.444,2.8785038,0.4557129,18.18787,0.042695805
160,1345.0037,1346.2999,2.7773569,0.45776367,22.357735,0.04260573
161,1345.5944,1346.2294,2.5444255,0.4597656,17.865889,0.04260573
162,1345.7405,1346.1804,2.311494,0.46020508,17.297134,0.04260573
163,1345.9163,1346.154,2.0866249,0.4574219,21.136,0.04260573
164,1345.973,1346.136,1.880912,0.45791018,18.398764,0.04260573
165,1345.8237,1346.1047,1.701596,0.45805663,20.970585,0.042516477
166,1345.9156,1346.0858,1.5346543,0.46079102,20.332787,0.042516477
167,1345.6858,1346.0458,1.3955905,0.45512694,19.064165,0.042516477
168,1345.4729,1345.9885,1.2855682,0.4621094,18.0031,0.042516477
169,1345.6212,1345.9518,1.1691538,0.46396485,17.807087,0.042516477
170,1345.8268,1345.9393,1.0536447,0.4578125,19.931492,0.04242689
171,1345.2913,1345.8745,0.9860799,0.45512694,21.815126,0.04242689
172,1344.6019,1345.7473,1.0332239,0.45952147,17.33814,0.04242689
173,1345.4541,1345.718,0.9376391,0.4647461,18.851173,0.04242689
174,1346.2269,1345.7689,0.86718434,0.4522461,21.057451,0.04242689
175,1346.5952,1345.8516,0.8419144,0.45478517,22.666548,0.042331085
176,1345.8584,1345.8523,0.75772715,0.45322266,19.326988,0.042331085
177,1345.458,1345.8129,0.695946,0.45913088,20.766312,0.042331085
178,1345.3943,1345.771,0.6421201,0.45922852,20.923262,0.042331085
179,1345.8074,1345.7747,0.5780272,0.45493165,18.995773,0.042331085
180,1345.5352,1345.7507,0.5253869,0.4635254,17.528769,0.04225396
181,1346.1025,1345.7859,0.48398733,0.4604004,18.499418,0.04225396
182,1346.4045,1345.8478,0.47003436,0.45839846,29.142622,0.04225396
183,1345.6809,1345.831,0.42553702,0.45336914,19.985523,0.04225396
184,1345.862,1345.8341,0.38306984,0.45717776,22.0293,0.04225396
185,1345.4684,1345.7975,0.35680062,0.4591797,18.340645,0.0421678
186,1344.6771,1345.6854,0.4340894,0.46435547,17.91896,0.0421678
187,1345.0842,1345.6252,0.42320976,0.46596682,19.755377,0.0421678
188,1345.2559,1345.5883,0.39316884,0.45634764,20.811144,0.0421678
189,1345.4131,1345.5708,0.35661358,0.4616211,24.26123,0.0421678
190,1345.1302,1345.5267,0.33841994,0.46079102,18.19729,0.042085215
191,1345.5533,1345.5294,0.30464166,0.4584961,20.728252,0.042085215
192,1345.9252,1345.569,0.28827325,0.46225587,20.927488,0.042085215
193,1346.0004,1345.612,0.27619517,0.46103516,21.891434,0.042085215
194,1345.7516,1345.626,0.2503277,0.4572754,19.974699,0.042085215
195,1346.513,1345.7147,0.29609823,0.45703125,39.230183,0.041994892
196,1347.3602,1345.8793,0.510181,0.46616212,40.012764,0.041994892
197,1348.4447,1346.1359,1.0514916,0.46098632,84.17556,0.041994892
198,1348.8071,1346.403,1.5885513,0.45952147,65.0886,0.041994892
199,1349.7765,1346.7404,2.4539628,0.45747072,139.22212,0.041994892
200,1348.5094,1346.9172,2.4902227,0.46640626,92.65414,0.041924417
201,1346.8065,1346.9061,2.2423036,0.4666504,31.551323,0.041924417
202,1346.1416,1346.8297,2.0706782,0.46655273,20.216995,0.041924417
203,1345.8245,1346.7292,1.9545577,0.4614746,17.991077,0.041924417
204,1346.0017,1346.6565,1.80674,0.4555664,18.107433,0.041924417
205,1347.1052,1346.7014,1.6441883,0.45952147,28.060951,0.041839648
206,1347.3895,1346.7703,1.522384,0.464209,31.94179,0.041839648
207,1346.9749,1346.7908,1.3739127,0.45527345,36.947178,0.041839648
208,1347.3455,1346.8462,1.2642124,0.46728516,82.27243,0.041839648
209,1346.647,1346.8263,1.141363,0.46259767,32.45368,0.041839648
210,1346.18,1346.7617,1.064813,0.4585449,28.217173,0.041753013
211,1345.5526,1346.6409,1.0899062,0.465625,26.398058,0.041753013
212,1346.2468,1346.6014,0.99488986,0.46425784,39.049183,0.041753013
213,9292.211,2141.1624,5.6819445e+06,0.46625978,359494.0,0.041753013
214,1360.0793,2063.054,5.168658e+06,0.46572268,646.92017,0.041753013
215,1346.6313,1991.4117,4.6979855e+06,0.45981446,19.486938,0.041669197
216,1346.8638,1926.9569,4.2655765e+06,0.46240234,19.42013,0.041669197
217,1345.635,1868.8247,3.869433e+06,0.46328127,19.924252,0.041669197
218,1345.942,1816.5364,3.5070962e+06,0.46953124,21.798946,0.041669197
219,1346.1774,1769.5005,3.176298e+06,0.46484375,22.975359,0.041669197
220,1346.3367,1727.1841,2.8747842e+06,0.46259767,19.718206,0.041591343
221,1345.9946,1689.0652,2.6003832e+06,0.4694336,17.924126,0.041591343
222,1345.9028,1654.7489,2.3509432e+06,0.4621094,18.312944,0.041591343
223,1345.917,1623.8657,2.1244328e+06,0.46611327,19.957977,0.041591343
224,1346.0214,1596.0813,1.9189372e+06,0.45874023,20.699732,0.041591343
225,1346.5614,1571.1293,1.7326469e+06,0.4597656,23.436283,0.041507754
226,1346.395,1548.6559,1.5639276e+06,0.465625,23.413944,0.041507754
227,1346.957,1528.486,1.4111962e+06,0.47177735,44.913216,0.041507754
228,1346.229,1510.2603,1.2730661e+06,0.46079102,21.5853,0.041507754
229,1347.4105,1493.9753,1.1481462e+06,0.47519532,53.771408,0.041507754
230,1346.5752,1479.2354,1.03528694e+06,0.4619629,35.830154,0.041428886
231,1348.1504,1466.1268,933304.7,0.4659668,116.486786,0.041428886
232,1346.3745,1454.1516,841264.9,0.46870118,25.134333,0.041428886
233,1346.4312,1443.3795,758182.7,0.46381837,32.764656,0.041428886
234,1355.1975,1434.5613,683064.25,0.46020508,425.38638,0.041428886
235,1349.326,1426.0377,615411.7,0.46499026,149.7912,0.041356433
236,1346.5684,1418.0908,554438.94,0.4723633,21.019388,0.041356433
237,1346.4893,1410.9307,499456.44,0.46640626,19.1719,0.041356433
238,1346.2983,1404.4674,449886.72,0.46367186,20.628754,0.041356433
239,1346.5923,1398.6799,405199.47,0.46679688,23.297014,0.041356433
240,1346.4359,1393.4556,364925.16,0.47802734,18.325869,0.041311022
241,1346.6345,1388.7734,328629.94,0.46845704,19.367794,0.041311022
242,1346.4053,1384.5366,295928.5,0.47104493,26.04024,0.041311022
243,1346.0691,1380.6898,266468.8,0.46791995,18.641743,0.041311022
244,1345.948,1377.2156,239930.55,0.46855468,20.076069,0.041311022
245,1346.3748,1374.1315,216023.08,0.47265625,19.153467,0.041254584
246,1346.507,1371.369,194489.45,0.47216797,18.516191,0.041254584
247,1346.0114,1368.8333,175098.38,0.46586913,18.520899,0.041254584
248,1346.4141,1366.5913,157633.77,0.47075194,18.73414,0.041254584
249,1348.0359,1364.7357,141901.38,0.46528322,79.98063,0.041254584
250,1368.862,1365.1483,127712.766,0.47636718,1041.1443,0.041205868
251,1347.4495,1363.3784,114969.68,0.46782228,83.2814,0.041205868
252,1345.8113,1361.6217,103500.484,0.47338867,24.957384,0.041205868
253,1346.3801,1360.0975,93171.34,0.47197264,17.646254,0.041205868
254,1345.3574,1358.6235,83873.76,0.4708496,19.011278,0.041205868
255,1345.6724,1357.3284,75501.48,0.46733397,19.415852,0.041138615
256,1345.6487,1356.1604,67963.6,0.4786133,17.912624,0.041138615
257,1345.2314,1355.0675,61177.992,0.46953124,25.778454,0.041138615
258,1397.8386,1359.3446,55224.836,0.47421876,2359.2188,0.041138615
259,1346.5007,1358.0602,49717.2,0.47529298,32.151318,0.041138615
260,1345.5938,1356.8135,44759.465,0.484668,19.112654,0.041107096
261,1346.572,1355.7893,40292.957,0.47368163,22.295536,0.041107096
262,1347.9579,1355.0061,36269.18,0.46796876,66.43252,0.041107096
263,1379.584,1357.4639,32696.627,0.46738282,1534.0692,0.041107096
264,1456.9773,1367.4152,30318.225,0.47880858,5060.943,0.041107096
265,1349.723,1365.646,27314.572,0.4638672,253.71878,0.04103289
266,1389.053,1367.9867,24632.424,0.473584,1973.9735,0.04103289
267,1345.1937,1365.7074,22215.938,0.47104493,22.850231,0.04103289
268,1344.736,1363.6102,20033.926,0.47382814,33.173214,0.04103289
269,1345.613,1361.8105,18059.684,0.47875977,17.973026,0.04103289
270,1345.7454,1360.204,16276.942,0.4789551,21.150276,0.04098974
271,1345.7051,1358.7542,14668.167,0.4769043,19.84605,0.04098974
272,1346.2532,1357.504,13215.415,0.4769043,20.20455,0.04098974
273,1345.6782,1356.3214,11906.46,0.46899414,18.84861,0.04098974
274,1346.8337,1355.3727,10723.915,0.46606445,40.970047,0.04098974
275,1345.3134,1354.3667,9660.631,0.4736328,20.33701,0.040935736
276,1346.6272,1353.5928,8699.959,0.47451174,62.89371,0.040935736
277,1346.8512,1352.9186,7834.053,0.47666016,46.61204,0.040935736
278,1345.5283,1352.1796,7055.563,0.47915038,21.335392,0.040935736
279,1344.9097,1351.4526,6354.763,0.47329104,18.26002,0.040935736
280,1345.0825,1350.8157,5722.9385,0.47158203,23.346634,0.040877607
281,1345.4839,1350.2825,5153.203,0.46899414,18.730272,0.040877607
282,1345.6194,1349.8162,4639.8394,0.47421876,17.099594,0.040877607
283,1345.1449,1349.349,4177.8193,0.47988284,16.997156,0.040877607
284,1344.98,1348.9121,3761.7551,0.4696289,17.538752,0.040877607
285,1345.1552,1348.5364,3386.8499,0.4699707,20.140718,0.040816274
286,1345.5569,1348.2384,3048.9636,0.4784668,17.605194,0.040816274
287,1344.855,1347.9,2745.0974,0.47490233,16.778116,0.040816274
288,1346.4116,1347.7512,2470.7869,0.4741699,19.32131,0.040816274
289,1345.7678,1347.5529,2224.062,0.46811524,17.81533,0.040816274
290,1346.271,1347.4247,2001.8036,0.46914065,18.680098,0.04075334
291,1345.7031,1347.2526,1801.8899,0.47651368,17.74455,0.04075334
292,1345.6149,1347.0887,1621.9423,0.471875,19.143736,0.04075334
293,1346.1567,1346.9956,1459.8262,0.48110354,28.700432,0.04075334
294,1345.1726,1346.8134,1314.1426,0.47622073,31.481058,0.04075334
295,1345.9178,1346.7238,1182.8004,0.48046875,22.193068,0.04071356
296,1346.4707,1346.6985,1064.526,0.47470704,26.533007,0.04071356
297,1346.3015,1346.6588,958.0875,0.4720215,18.043324,0.04071356
298,1346.1774,1346.6107,862.2996,0.46674806,24.27548,0.04071356
299,1346.2609,1346.5757,776.0807,0.47792968,22.329985,0.04071356
300,1345.8032,1346.4984,698.5263,0.47094727,20.473368,0.040654458
301,1345.9536,1346.444,628.7004,0.48037112,19.187983,0.040654458
302,1345.3658,1346.3362,565.93494,0.47573245,19.73499,0.040654458
303,1346.1359,1346.3162,509.34506,0.47387695,19.081175,0.040654458
304,1346.4497,1346.3295,458.41214,0.47314453,24.54434,0.040654458
305,1346.5796,1346.3545,412.57654,0.46967775,43.61876,0.040592868
306,1346.6812,1346.3872,371.3285,0.473291,48.705574,0.040592868
307,1349.5818,1346.7067,335.1141,0.47329104,157.4118,0.040592868
308,1405.3805,1352.5741,611.4383,0.47573245,2657.635,0.040592868
309,1360.3641,1353.3531,555.7561,0.4718262,676.08044,0.040592868
310,1345.0066,1352.5186,506.45032,0.48325196,35.453373,0.040558897
311,1345.788,1351.8455,459.88235,0.48647463,23.25505,0.040558897
312,1345.5636,1351.2173,417.44565,0.4716797,22.33565,0.040558897
313,1345.4021,1350.6357,378.74457,0.4748047,19.14683,0.040558897
314,1344.892,1350.0614,343.8393,0.4837891,17.694412,0.040558897
315,1344.424,1349.4977,312.31564,0.47617188,19.604774,0.040510602
316,1344.9658,1349.0444,282.93246,0.4777832,18.33564,0.040510602
317,1345.1833,1348.6583,255.98091,0.48291016,20.904617,0.040510602
318,1345.3032,1348.3228,231.3959,0.48168945,18.196604,0.040510602
319,1344.3816,1347.9286,209.65425,0.47797853,18.401953,0.040510602
320,1344.399,1347.5757,189.81001,0.4819336,16.720097,0.040474027
321,1344.4825,1347.2664,171.6901,0.47705078,17.903278,0.040474027
322,1344.6597,1347.0057,155.13261,0.47763672,17.669233,0.040474027
323,1344.7867,1346.7838,140.06252,0.48706055,17.179045,0.040474027
324,1344.1982,1346.5253,126.65793,0.48110354,19.700565,0.040474027
325,1345.4958,1346.4224,114.08751,0.47851562,25.818398,0.04043057
326,1345.092,1346.2893,102.838036,0.48525393,17.935286,0.04043057
327,1344.8989,1346.1503,92.72821,0.48447266,20.367159,0.04043057
328,1346.4014,1346.1754,83.46106,0.4850098,32.80274,0.04043057
329,1345.4226,1346.1001,75.165955,0.47333986,19.19347,0.04043057
330,1346.0725,1346.0973,67.64943,0.46982422,22.628344,0.040369615
331,1345.7573,1346.0632,60.894886,0.47490233,18.13859,0.040369615
332,1346.1254,1346.0695,54.805744,0.47734374,17.920488,0.040369615
333,1345.5029,1346.0128,49.354057,0.4777832,17.048811,0.040369615
334,1345.4595,1345.9575,44.44621,0.48037112,17.40902,0.040369615
335,1345.4915,1345.9109,40.021137,0.48046875,18.39512,0.040330213
336,1345.4012,1345.8599,36.0424,0.47006837,30.167866,0.040330213
337,1345.6571,1345.8396,32.44186,0.48325196,19.360668,0.040330213
338,1345.1891,1345.7745,29.235758,0.4724121,18.21476,0.040330213
339,1345.1008,1345.7072,26.35303,0.48037112,20.576881,0.040330213
340,1344.7573,1345.6122,23.798922,0.48432618,20.603804,0.040298615
341,1344.8296,1345.5339,21.47415,0.48232424,22.401478,0.040298615
342,1345.2708,1345.5076,19.33297,0.4822754,34.698025,0.040298615
343,1347.6855,1345.7253,17.826595,0.47988284,102.0786,0.040298615
344,1347.1862,1345.8715,16.235994,0.47514647,85.23787,0.040298615
345,1345.1375,1345.7981,14.660884,0.48037112,18.687305,0.04025909
346,1344.666,1345.6849,13.31014,0.47944337,18.493025,0.04025909
347,1344.9235,1345.6088,12.031311,0.4850586,24.469255,0.04025909
348,1346.1421,1345.6621,10.853779,0.484375,26.510048,0.04025909
349,1345.5735,1345.6532,9.769108,0.48120117,19.870567,0.04025909
350,1345.496,1345.6375,8.794421,0.48281252,17.470013,0.04022451
351,1345.3224,1345.606,7.923913,0.47973633,17.92344,0.04022451
352,1345.8372,1345.629,7.1363325,0.479541,20.12504,0.04022451
353,1345.9797,1345.6641,6.4337687,0.4760254,20.364462,0.04022451
354,1346.1174,1345.7094,5.808891,0.48442382,20.280962,0.04022451
355,1346.0234,1345.7407,5.2368803,0.48183596,19.0611,0.040188
356,1345.8967,1345.7563,4.7153826,0.48247072,23.113445,0.040188
357,1345.8231,1345.7631,4.2442455,0.4796387,19.718113,0.040188
358,1345.5002,1345.7368,3.8260376,0.47856444,20.74844,0.040188
359,1345.9213,1345.7552,3.4464958,0.48652345,22.179111,0.040188
360,1346.1138,1345.7911,3.1134143,0.4813965,20.147509,0.04015064
361,1345.8813,1345.8002,2.8028052,0.48120117,18.843681,0.04015064
362,1345.8297,1345.8031,2.522603,0.48310548,21.235983,0.04015064
363,1345.1736,1345.7401,2.306009,0.48046875,20.170794,0.04015064
364,1345.6584,1345.7319,2.0760083,0.4861328,19.025513,0.04015064
365,1346.0741,1345.7661,1.8789443,0.4771973,18.60746,0.04010489
366,1345.8088,1345.7704,1.6912141,0.4841797,17.950283,0.04010489
367,1345.5729,1345.7506,1.5256035,0.47592774,25.14886,0.04010489
368,1345.2476,1345.7003,1.3958186,0.48930666,17.087893,0.04010489
369,1344.9209,1345.6223,1.3109112,0.4838379,17.110199,0.04010489
370,1346.5938,1345.7195,1.2647519,0.4850098,30.607212,0.040074836
371,1346.0593,1345.7534,1.1486712,0.48388672,38.27651,0.040074836
372,1346.1536,1345.7935,1.0482146,0.48374024,19.89379,0.040074836
373,1344.504,1345.6646,1.0930294,0.4783203,55.31143,0.040074836
374,1345.8232,1345.6804,0.9859929,0.48452148,19.883875,0.040074836
375,1346.3474,1345.7471,0.92743266,0.4868164,26.365162,0.040048428
376,1345.6793,1345.7402,0.8351025,0.4814453,21.140596,0.040048428
377,1344.8729,1345.6536,0.8192926,0.484375,20.032288,0.040048428
378,1347.6282,1345.8511,1.0882808,0.4855469,79.92119,0.040048428
379,1345.4524,1345.8112,0.9937579,0.4883789,39.1005,0.040048428
380,1345.4222,1345.7722,0.9079951,0.48818362,23.817028,0.040024772
381,1345.4827,1345.7433,0.8247412,0.49067384,18.890108,0.040024772
382,1345.7659,1345.7456,0.74231297,0.4859375,18.947369,0.040024772
383,1346.1445,1345.7855,0.68240446,0.48100585,17.224972,0.040024772
384,1346.0383,1345.8108,0.619916,0.478125,17.072,0.040024772
385,1346.0254,1345.8323,0.5620692,0.484375,17.87099,0.039993517
386,1345.4648,1345.7955,0.51801276,0.4836914,17.34951,0.039993517
387,1345.5312,1345.769,0.47249755,0.48251954,17.267653,0.039993517
388,1345.3007,1345.7222,0.4449923,0.4850098,17.34813,0.039993517
389,1345.2207,1345.672,0.4231251,0.48525393,16.811966,0.039993517
390,1346.3704,1345.7418,0.4247067,0.48525393,22.495968,0.039964043
391,1345.8713,1345.7548,0.38374573,0.4857422,23.346722,0.039964043
392,1348.3342,1346.0127,0.9442,0.4832031,92.78393,0.039964043
393,1346.0024,1346.0117,0.8497894,0.48237306,17.093887,0.039964043
394,1345.5936,1345.97,0.78054243,0.48232424,22.308275,0.039964043
395,1346.0887,1345.9818,0.7037578,0.48935547,22.91206,0.039942782
396,1345.835,1345.9672,0.63532287,0.4783203,34.069874,0.039942782
397,1346.9025,1346.0607,0.65052176,0.48256838,71.492676,0.039942782
398,1346.6864,1346.1233,0.6207083,0.47919923,70.97913,0.039942782
399,1346.114,1346.1223,0.5586452,0.4838379,30.78317,0.039942782
400,1345.2537,1346.0354,0.5706908,0.4824707,19.356312,0.039907787
401,1344.8234,1345.9142,0.64583457,0.48984376,19.148626,0.039907787
402,1345.4213,1345.8649,0.6031184,0.48476565,19.23759,0.039907787
403,1345.7522,1345.8536,0.54394907,0.48828125,20.367918,0.039907787
404,1345.5613,1345.8245,0.49724677,0.48774415,21.96992,0.039907787
405,1344.5662,1345.6986,0.59002095,0.4836914,17.231827,0.03987526
406,1345.5085,1345.6796,0.53427,0.4831543,19.973516,0.03987526
407,1346.1724,1345.7289,0.50269943,0.47978514,31.946867,0.03987526
408,1346.0763,1345.7637,0.46329206,0.48706055,21.939598,0.03987526
409,1345.678,1345.7551,0.41762373,0.4858887,19.012981,0.03987526
410,1345.3601,1345.7156,0.38990498,0.48540038,17.799309,0.03984616
411,1345.7457,1345.7186,0.3509963,0.4808594,24.963634,0.03984616
412,1345.6101,1345.7078,0.31695655,0.4876465,21.226109,0.03984616
413,1344.6572,1345.6027,0.38458744,0.48544922,16.770767,0.03984616
414,1344.5266,1345.4951,0.45033816,0.4937012,17.493721,0.03984616
415,1344.0634,1345.3519,0.5897993,0.48574218,17.106348,0.03981777
416,1345.2378,1345.3406,0.5319918,0.49189454,20.355286,0.03981777
417,1344.7944,1345.286,0.50563705,0.4756836,17.789642,0.03981777
418,1345.6838,1345.3258,0.46931732,0.48901367,18.853947,0.03981777
419,1345.1047,1345.3037,0.426784,0.4807617,18.23149,0.03981777
420,1345.6763,1345.341,0.3965976,0.4880371,19.20244,0.039793953
421,1345.5706,1345.3639,0.36168286,0.48032227,17.675198,0.039793953
422,1345.6055,1345.3881,0.33076692,0.48159182,18.735281,0.039793953
423,1345.261,1345.3754,0.29914355,0.48281252,18.475391,0.039793953
424,1344.8641,1345.3242,0.29275128,0.49174803,17.331804,0.039793953
425,1344.7007,1345.2618,0.2984678,0.48564452,18.857794,0.039765395
426,1344.9064,1345.2263,0.2799932,0.4885254,20.385942,0.039765395
427,1344.6005,1345.1637,0.28724635,0.48896486,23.894335,0.039765395
428,1344.5505,1345.1024,0.29235846,0.49394533,19.347464,0.039765395
429,1345.397,1345.1318,0.27093127,0.49091798,18.771406,0.039765395
430,1345.1064,1345.1293,0.24389616,0.48325196,26.022692,0.039732113
431,1344.8617,1345.1025,0.22595036,0.48935547,17.29042,0.039732113
432,1345.8457,1345.1769,0.25306165,0.48583984,18.536514,0.039732113
433,1345.0778,1345.167,0.22863972,0.48955077,17.963171,0.039732113
434,1345.8779,1345.238,0.25126463,0.49145508,20.255325,0.039732113
435,1345.8542,1345.2997,0.2603126,0.4866211,18.643524,0.03970554
436,1346.1802,1345.3877,0.30405548,0.48759764,23.821993,0.03970554
437,1345.1938,1345.3683,0.27703184,0.4862305,20.112852,0.03970554
438,1345.0564,1345.3372,0.2580834,0.4820801,21.048319,0.03970554
439,1345.4573,1345.3491,0.2335736,0.49106446,18.923378,0.03970554
440,1344.8975,1345.304,0.22857597,0.48544922,19.59526,0.03967666
441,1345.2114,1345.2947,0.20648892,0.49003905,15.959554,0.03967666
442,1344.9569,1345.2609,0.19610791,0.48789063,17.833673,0.03967666
443,1345.5334,1345.2881,0.18318425,0.49296874,17.719381,0.03967666
444,1344.8589,1345.2451,0.1814449,0.48393556,19.486458,0.03967666
445,1345.9202,1345.3126,0.2043126,0.4807617,28.727427,0.03963851
446,1345.4254,1345.3239,0.18502633,0.4932129,19.283308,0.03963851
447,1345.279,1345.3193,0.16670433,0.48081055,18.103722,0.03963851
448,1345.2842,1345.3158,0.15014513,0.48911133,18.116833,0.03963851
449,1345.6077,1345.345,0.14279754,0.48720703,17.450285,0.03963851
450,1345.5134,1345.3618,0.13107179,0.4822754,17.219358,0.0396034
451,1346.1735,1345.443,0.17725378,0.49189454,21.262888,0.0396034
452,1345.0713,1345.4058,0.17196314,0.4921875,16.924047,0.0396034
453,1345.0154,1345.3667,0.16848257,0.48129883,17.507877,0.0396034
454,1345.9971,1345.4297,0.1873974,0.48959962,23.714933,0.0396034
455,1345.5282,1345.4396,0.16953105,0.48295897,29.245953,0.039569665
456,1345.4216,1345.4377,0.15260692,0.49062502,18.011776,0.039569665
457,1344.9854,1345.3925,0.15576555,0.4819336,18.503824,0.039569665
458,1345.4922,1345.4025,0.14108416,0.48706055,23.427258,0.039569665
459,1345.8121,1345.4435,0.14208026,0.48388672,22.508617,0.039569665
460,1345.602,1345.4594,0.13013521,0.48520508,16.909317,0.039540403
461,1345.0901,1345.4224,0.12939362,0.49663088,16.80612,0.039540403
462,1345.5579,1345.4359,0.11810663,0.48964846,18.678484,0.039540403
463,1345.0659,1345.3989,0.11861664,0.48598635,16.719803,0.039540403
464,1345.3029,1345.3893,0.10758562,0.4918457,18.746693,0.039540403
465,1346.489,1345.4993,0.20567389,0.4871582,82.876526,0.039515026
466,1345.0754,1345.4569,0.20127323,0.48891604,20.70566,0.039515026
467,1344.8315,1345.3944,0.21634337,0.48793948,18.250458,0.039515026
468,1345.2177,1345.3767,0.19752093,0.4847168,24.466814,0.039515026
469,1345.625,1345.4015,0.1833172,0.48872072,19.759117,0.039515026
470,1344.8328,1345.3446,0.19409586,0.49389648,16.282267,0.039502967
471,1345.5437,1345.3645,0.17825383,0.49125975,16.103037,0.039502967
472,1345.5447,1345.3826,0.16335015,0.49135745,19.001177,0.039502967
473,1346.1958,1345.4639,0.20653637,0.49003905,32.47464,0.039502967
474,1345.2515,1345.4426,0.18994306,0.49199218,26.496738,0.039502967
475,1345.9921,1345.4976,0.19811818,0.48779297,18.424427,0.039478865
476,1345.9496,1345.5427,0.19669586,0.49033204,19.206312,0.039478865
477,1344.9202,1345.4805,0.2119084,0.48964846,18.98112,0.039478865
478,1345.106,1345.443,0.20334086,0.49541014,18.27445,0.039478865
479,1345.0769,1345.4064,0.19506866,0.48510742,19.50043,0.039478865
480,1344.6011,1345.3258,0.23392719,0.489209,18.194176,0.039457567
481,1345.6287,1345.3561,0.21878944,0.5,20.983469,0.039457567
482,1345.4829,1345.3688,0.19835824,0.49047852,18.76241,0.039457567
483,1345.7222,1345.404,0.18976223,0.4868164,19.239338,0.039457567
484,1346.2548,1345.4891,0.23591937,0.49570313,33.84261,0.039457567
485,1346.5339,1345.5936,0.31057203,0.48842776,20.811537,0.039434742
486,1345.8759,1345.6218,0.28668347,0.48217773,19.122004,0.039434742
487,1345.4928,1345.6089,0.25951344,0.49052733,17.007603,0.039434742
488,1345.6414,1345.6122,0.23365699,0.48964843,18.57931,0.039434742
489,1345.6819,1345.6191,0.21072854,0.48862305,17.48846,0.039434742
490,1345.4729,1345.6045,0.19158043,0.48549807,20.7492,0.03940616
491,1347.7606,1345.8201,0.5908223,0.48950195,84.18314,0.03940616
492,1345.748,1345.8129,0.5322069,0.48916018,30.639935,0.03940616
493,1345.4987,1345.7815,0.48787165,0.49199218,17.640968,0.03940616
494,1345.5035,1345.7537,0.4460377,0.4959961,19.292414,0.03940616
495,1345.0599,1345.6843,0.44474688,0.4913086,16.558214,0.03938904
496,1345.1827,1345.6342,0.42291522,0.48544922,16.249046,0.03938904
497,1345.5479,1345.6255,0.381294,0.49331057,17.647943,0.03938904
498,1345.4421,1345.6072,0.34619012,0.48891604,16.632788,0.03938904
499,1345.2914,1345.5756,0.32054654,0.48779297,17.521076,0.03938904
500,1344.9095,1345.5089,0.32841378,0.49311525,19.537477,0.03937548
501,1346.009,1345.559,0.31808338,0.49262697,47.748867,0.03937548
502,1345.0693,1345.51,0.30785087,0.49277344,17.65291,0.03937548
503,1344.6821,1345.4272,0.33875057,0.49833983,16.944374,0.03937548
504,1345.3121,1345.4158,0.30606806,0.48896486,21.795885,0.03937548
505,1345.1841,1345.3926,0.28029245,0.48862305,17.174728,0.039353088
506,1345.4941,1345.4027,0.25319153,0.49189454,20.799147,0.039353088
507,1345.0454,1345.367,0.23936205,0.48994142,18.075808,0.039353088
508,1346.4573,1345.476,0.32242,0.49414062,39.27396,0.039353088
509,1345.9882,1345.5272,0.31379005,0.49018556,26.7591,0.039353088
510,1345.5359,1345.5281,0.2824178,0.48613283,19.657269,0.03932581
511,1346.1609,1345.5913,0.29021668,0.49443358,21.335382,0.03932581
512,1345.2471,1345.5569,0.27186,0.49521485,17.345106,0.03932581
513,1344.8015,1345.4813,0.29602668,0.49125975,23.100874,0.03932581
514,1344.9567,1345.4288,0.29119796,0.4875,17.91877,0.03932581
515,1344.7877,1345.3647,0.2990705,0.4940918,20.666416,0.039314196
516,1344.7068,1345.299,0.30812535,0.4880371,17.208893,0.039314196
517,1345.1405,1345.2831,0.2795723,0.4952637,19.20375,0.039314196
518,1345.071,1345.2618,0.2556614,0.49204102,19.201517,0.039314196
519,1345.2861,1345.2643,0.23014836,0.4913086,18.277636,0.039314196
520,1345.2109,1345.2589,0.20738962,0.49453127,17.930887,0.039303444
521,1344.5034,1345.1833,0.23801994,0.49697268,16.900652,0.039303444
522,1345.0232,1345.1674,0.21652643,0.49238282,20.83364,0.039303444
523,1345.0575,1345.1564,0.19596007,0.49453124,18.9918,0.039303444
524,1344.9639,1345.1371,0.1796993,0.49243164,18.181358,0.039303444
525,1344.846,1345.1079,0.16935787,0.4900879,18.155582,0.039283972
526,1345.245,1345.1216,0.15411338,0.49614257,16.898075,0.039283972
527,1344.4951,1345.059,0.17402327,0.48940432,16.493713,0.039283972
528,1344.2341,1344.9764,0.21785182,0.49155274,17.575064,0.039283972
529,1344.7375,1344.9525,0.20120285,0.49692383,23.645248,0.039283972
530,1345.027,1344.96,0.18158159,0.5019043,17.83501,0.03928771
531,1344.8888,1344.9529,0.16387925,0.49843752,18.16537,0.03928771
532,1345.1326,1344.9708,0.1503972,0.4888672,17.912884,0.03928771
533,1345.6736,1345.0411,0.17980577,0.503125,22.516674,0.03928771
534,1345.7225,1345.1093,0.2036123,0.49072266,21.20045,0.03928771
535,1345.0935,1345.1077,0.18327338,0.48940432,20.41513,0.039266903
536,1350.408,1345.6377,2.6933253,0.49960935,228.25963,0.039266903
537,1345.4126,1345.6152,2.4285529,0.4946289,22.288227,0.039266903
538,1345.5494,1345.6086,2.1860871,0.4946289,17.887453,0.039266903
539,1345.0209,1345.5498,1.9985708,0.4958496,17.918802,0.039266903
540,1345.951,1345.59,1.8132035,0.4942383,25.470179,0.039255593
541,1345.4406,1345.5751,1.6338923,0.48583984,19.193228,0.039255593
542,1345.112,1345.5288,1.4897974,0.49833983,21.630476,0.039255593
543,1344.4614,1345.4221,1.4433551,0.48657227,16.512072,0.039255593
544,1345.3923,1345.4192,1.2990993,0.49628907,18.656912,0.039255593
545,1344.9623,1345.3735,1.1879784,0.49038085,16.696781,0.03923672
546,1345.3495,1345.3711,1.0692326,0.4928711,17.835325,0.03923672
547,1344.953,1345.3293,0.9780413,0.4901367,16.944702,0.03923672
548,1345.2402,1345.3204,0.88095176,0.48583984,17.167015,0.03923672
549,1345.19,1345.3074,0.7943891,0.49624026,18.483248,0.03923672
550,1345.2896,1345.3055,0.7149788,0.4947754,18.126547,0.03922647
551,1344.6633,1345.2413,0.68060017,0.49238282,18.87573,0.03922647
552,1345.1874,1345.236,0.61280215,0.49316406,18.548355,0.03922647
553,1344.0605,1345.1184,0.67586595,0.49443358,17.49191,0.03922647
554,1344.7031,1345.0769,0.62380075,0.4927246,17.043415,0.03922647
555,1345.893,1345.1584,0.6213536,0.49433595,31.183964,0.03921536
556,1345.7797,1345.2206,0.5939501,0.4958008,30.07862,0.03921536
557,1345.1523,1345.2137,0.53497416,0.4916016,29.471481,0.03921536
558,1345.0192,1345.1943,0.48488426,0.4979004,17.928375,0.03921536
559,1344.8818,1345.1631,0.4451849,0.4921875,17.545464,0.03921536
560,1345.2357,1345.1704,0.40114117,0.4944336,17.72369,0.039204452
561,1344.9856,1345.152,0.3641011,0.49350587,17.649958,0.039204452
562,1345.5231,1345.1891,0.34008494,0.49604493,18.682554,0.039204452
563,1344.8381,1345.154,0.3171615,0.49472657,18.057474,0.039204452
564,1344.6354,1345.1022,0.30965763,0.4966797,21.486355,0.039204452
565,1345.7588,1345.1678,0.3174949,0.49399415,19.6065,0.039192673
566,1344.7205,1345.123,0.30375943,0.4942383,24.220467,0.039192673
567,1345.4927,1345.16,0.28567976,0.49746096,21.657463,0.039192673
568,1345.331,1345.1771,0.2597441,0.49433595,24.103119,0.039192673
569,1346.4368,1345.3031,0.37657285,0.49306643,71.206566,0.039192673
570,1345.404,1345.3132,0.33983275,0.49570313,21.477499,0.039184254
571,1344.762,1345.258,0.3332003,0.49863285,17.082134,0.039184254
572,1344.7825,1345.2104,0.32023665,0.49418944,16.955187,0.039184254
573,1345.3378,1345.2231,0.2896719,0.4977051,31.16829,0.039184254
574,1345.4138,1345.2422,0.26397678,0.496875,22.410128,0.039184254
575,1345.5486,1345.2728,0.24602818,0.49838868,20.455387,0.0391811
576,1345.0396,1345.2495,0.22632296,0.4921875,20.21119,0.0391811
577,1345.2576,1345.2504,0.2036965,0.49350587,17.826826,0.0391811
578,1344.6938,1345.1947,0.21120101,0.48872072,18.117004,0.0391811
579,1344.9912,1345.1743,0.19380769,0.48813477,19.315432,0.0391811
580,1344.8635,1345.1432,0.18312012,0.49379885,18.411165,0.039168958
581,1344.9688,1345.1257,0.16754669,0.49213868,16.917463,0.039168958
582,1344.325,1345.0457,0.20850457,0.48999023,15.96607,0.039168958
583,1344.5433,1344.9954,0.21036334,0.501416,15.919057,0.039168958
584,1344.0544,1344.9012,0.2690064,0.4895508,16.839169,0.039168958
585,1344.6392,1344.875,0.24828771,0.49208987,17.663477,0.039153468
586,1345.3329,1344.9208,0.24232827,0.48774415,16.584465,0.039153468
587,1344.8481,1344.9136,0.21857023,0.4970703,19.296597,0.039153468
588,1344.897,1344.9119,0.19673802,0.50390625,18.772846,0.039153468
589,1344.9539,1344.916,0.17722292,0.4859375,17.827662,0.039153468
590,1345.3013,1344.9546,0.17285848,0.50151366,17.754398,0.039156426
591,1344.7593,1344.935,0.15900585,0.48901367,23.721664,0.039156426
592,1345.345,1344.9761,0.15822777,0.49775392,19.982079,0.039156426
593,1345.4417,1345.0226,0.1619135,0.4930176,22.166245,0.039156426
594,1345.2793,1345.0482,0.15165333,0.49501956,22.023918,0.039156426
595,1345.147,1345.0581,0.13736573,0.49414062,18.285875,0.039144956
596,1345.1621,1345.0685,0.12460266,0.494043,23.19309,0.039144956
597,1347.1113,1345.2727,0.48773238,0.49169922,69.708176,0.039144956
598,1345.7974,1345.3252,0.4637331,0.48359376,23.729303,0.039144956
599,1345.7288,1345.3656,0.43201756,0.49394533,18.769716,0.039144956
600,1345.283,1345.3573,0.38943046,0.5001465,17.277485,0.039145242
601,1345.0004,1345.3217,0.36195356,0.48994142,17.484776,0.039145242
602,1345.2493,1345.3145,0.32622978,0.49873048,20.285734,0.039145242
603,1344.9377,1345.2767,0.30637866,0.4932129,18.659624,0.039145242
604,1344.6931,1345.2184,0.3063957,0.49794924,17.72943,0.039145242
605,1344.1946,1345.116,0.37009177,0.4909668,17.182808,0.03912757
606,1344.3484,1345.0392,0.38610843,0.4970703,16.69278,0.03912757
607,1344.865,1345.0217,0.3502285,0.49565428,17.679756,0.03912757
608,1345.0918,1345.0287,0.3156475,0.4946289,17.28306,0.03912757
609,1344.9797,1345.0238,0.2842984,0.49594727,20.716959,0.03912757
610,1345.1967,1345.0411,0.25855753,0.49169922,21.787317,0.039111335
611,1345.2024,1345.0573,0.23504205,0.5006836,17.660246,0.039111335
612,1344.902,1345.0417,0.21370772,0.48969728,17.335781,0.039111335
613,1345.2412,1345.0616,0.19591764,0.49169922,16.195923,0.039111335
614,1344.4188,1344.9973,0.21351571,0.4976074,16.947622,0.039111335
615,1345.3716,1345.0348,0.204771,0.4928223,17.70978,0.0390973
616,1345.4292,1345.0742,0.19829416,0.49169922,18.35573,0.0390973
617,1345.8624,1345.1531,0.2343792,0.4915039,18.431293,0.0390973
618,1345.3145,1345.1692,0.2132851,0.49228516,17.232807,0.0390973
619,1345.468,1345.1991,0.19999343,0.49086916,18.77481,0.0390973
620,1345.3804,1345.2173,0.18295151,0.49125978,16.86761,0.039080217
621,1345.3633,1345.2319,0.1665747,0.48964846,18.555056,0.039080217
622,1345.2244,1345.2312,0.14992237,0.49746093,23.62908,0.039080217
623,1344.8854,1345.1967,0.14569369,0.4886719,19.239496,0.039080217
624,1344.8647,1345.1635,0.14103904,0.4940918,16.887926,0.039080217
625,1345.0806,1345.1552,0.12755343,0.4916016,19.016994,0.03906381
626,1344.833,1345.1229,0.12413797,0.49184573,16.854765,0.03906381
627,1344.2385,1345.0344,0.18211877,0.49179688,19.438015,0.03906381
628,1344.8335,1345.0143,0.16754037,0.4977051,16.238583,0.03906381
629,1344.6487,1344.9778,0.16281606,0.49711913,15.901324,0.03906381
630,1344.505,1344.9305,0.16665119,0.4991211,16.578917,0.039062098
631,1344.3364,1344.8711,0.18175374,0.4996094,15.914129,0.039062098
632,1345.2101,1344.905,0.1739206,0.5041016,15.794114,0.039062098
633,1344.8306,1344.8976,0.15702756,0.48706055,17.147467,0.039062098
634,1344.5674,1344.8645,0.1511377,0.4976074,17.583176,0.039062098
635,1344.3125,1344.8093,0.16344748,0.49829102,15.55903,0.039058764
636,1344.5459,1344.783,0.15334821,0.50205076,15.665921,0.039058764
637,1344.165,1344.7212,0.17237763,0.49116212,16.910774,0.039058764
638,1343.9636,1344.6454,0.20679176,0.5023438,17.18407,0.039058764
639,1344.1714,1344.598,0.20633334,0.4961914,19.434862,0.039058764
640,1344.4727,1344.5854,0.1871145,0.50078124,15.683988,0.039060295
641,1344.1373,1344.5406,0.1864761,0.49521485,25.704687,0.039060295
642,1344.6577,1344.5524,0.16906187,0.50087893,17.44513,0.039060295
643,1344.5948,1344.5566,0.15231809,0.49770507,17.881395,0.039060295
644,1345.182,1344.6191,0.17228374,0.49916995,17.972433,0.039060295
645,1344.5674,1344.614,0.15529646,0.49721682,18.240084,0.039054856
646,1345.1487,1344.6675,0.1654951,0.49750978,27.26662,0.039054856
647,1344.405,1344.6412,0.15514484,0.5001465,19.25233,0.039054856
648,1344.3887,1344.616,0.1453713,0.49174803,17.066118,0.039054856
649,1344.744,1344.6288,0.13230991,0.4958496,18.507427,0.039054856
650,1344.7197,1344.638,0.11982326,0.49262697,20.110205,0.039040465
651,1345.3636,1344.7104,0.15523963,0.4994141,24.993036,0.039040465
652,1344.8142,1344.7208,0.1406846,0.49814457,17.260324,0.039040465
653,1344.916,1344.7404,0.13004507,0.50107425,16.27768,0.039040465
654,1344.085,1344.6748,0.15569945,0.49829102,15.676756,0.039040465
655,1344.7346,1344.6808,0.14045149,0.50043947,18.029947,0.039041318
656,1344.4312,1344.6558,0.13201487,0.49628907,17.38191,0.039041318
657,1344.3704,1344.6272,0.12614419,0.49628907,19.87072,0.039041318
658,1344.3564,1344.6001,0.12012736,0.49589846,19.50832,0.039041318
659,1345.4949,1344.6896,0.18017069,0.49682617,29.568869,0.039041318
660,1344.977,1344.7183,0.1695914,0.49858397,16.198334,0.039038554
661,1345.0253,1344.749,0.16111504,0.4916016,20.976223,0.039038554
662,1345.2197,1344.7961,0.16494407,0.5034668,18.814636,0.039038554
663,1346.219,1344.9385,0.33065525,0.49262697,27.6485,0.039038554
664,1345.179,1344.9625,0.3027944,0.48969728,17.493195,0.039038554
665,1345.2844,1344.9948,0.28184068,0.49887696,16.61965,0.039036356
666,1345.2881,1345.024,0.26140067,0.49414062,17.524279,0.039036356
667,1345.325,1345.0542,0.24340944,0.4964844,21.03738,0.039036356
668,1345.2043,1345.0692,0.22109745,0.48564455,21.108953,0.039036356
669,1344.8694,1345.0492,0.20258155,0.4970215,18.468256,0.039036356
670,1344.6334,1345.0076,0.19788133,0.48872072,20.918499,0.03901435
671,1344.1565,1344.9225,0.24328266,0.48862305,33.742107,0.03901435
672,1345.5317,1344.9834,0.25236142,0.50297856,18.98049,0.03901435
673,1345.1239,1344.9974,0.22890197,0.48994142,17.659449,0.03901435
674,1345.2917,1345.0269,0.2138075,0.49853516,16.308878,0.03901435
675,1345.001,1345.0243,0.192487,0.49345702,19.918808,0.039001595
676,1344.8798,1345.0099,0.17511834,0.49970704,19.481558,0.039001595
677,1345.3904,1345.048,0.17063625,0.4947754,17.019836,0.039001595
678,1345.4519,1345.0884,0.16825701,0.4897949,16.441843,0.039001595
679,1345.7356,1345.1531,0.18913138,0.4857422,18.66646,0.039001595
680,1345.5173,1345.1895,0.18215978,0.4911133,17.341118,0.03898426
681,1345.0288,1345.1733,0.16626641,0.49125975,21.50433,0.03898426
682,1345.013,1345.1573,0.15195532,0.4897461,21.530306,0.03898426
683,1345.4065,1345.1823,0.1423464,0.49399415,22.74783,0.03898426
684,1345.1981,1345.1838,0.12813441,0.49589846,19.269018,0.03898426
685,1344.8862,1345.154,0.12329228,0.49985355,16.717772,0.038983975
686,1345.1489,1345.1536,0.110965416,0.49091798,21.847137,0.038983975
687,1345.2144,1345.1597,0.10020147,0.49780273,18.081676,0.038983975
688,1344.8574,1345.1294,0.09840307,0.49956056,17.198488,0.038983975
689,1344.4282,1345.0593,0.13281055,0.49653322,17.79756,0.038983975
690,1344.8499,1345.0383,0.123478584,0.49936527,18.021383,0.038982738
691,1344.541,1344.9886,0.13338967,0.492334,16.487085,0.038982738
692,1343.9888,1344.8887,0.21002874,0.4916016,16.777569,0.038982738
693,1344.6025,1344.8601,0.19639434,0.50029296,20.268682,0.038982738
694,1344.4786,1344.822,0.18985163,0.5041504,17.238586,0.038982738
695,1344.6953,1344.8093,0.17231143,0.4940918,23.03371,0.038971227
696,1344.7083,1344.7992,0.15599972,0.5036621,17.559761,0.038971227
697,1345.2699,1344.8463,0.16034028,0.49746093,17.128609,0.038971227
698,1345.325,1344.8942,0.16492471,0.4970703,18.414658,0.038971227
699,1345.3114,1344.9359,0.16409999,0.49624023,21.187584,0.038971227
700,1344.7795,1344.9203,0.14989069,0.4946289,17.72635,0.038960766
701,1344.5952,1344.8878,0.14441216,0.49326172,17.507492,0.038960766
702,1344.2041,1344.8195,0.172043,0.49277344,17.929811,0.038960766
703,1344.2874,1344.7662,0.18032086,0.49477538,16.558748,0.038960766
704,1344.8718,1344.7769,0.16329221,0.5013672,20.569902,0.038960766
705,1345.3955,1344.8387,0.18140876,0.49750978,68.67602,0.038955916
706,1344.7896,1344.8339,0.16348569,0.49785155,19.355894,0.038955916
707,1344.4773,1344.7982,0.15857974,0.4964844,17.064623,0.038955916
708,1343.8542,1344.7039,0.22291885,0.50458986,17.834866,0.038955916
709,1344.1755,1344.651,0.22574799,0.50385743,17.426643,0.038955916
710,1343.9423,1344.5801,0.24838132,0.50097656,16.560274,0.03895782
711,1344.9556,1344.6177,0.23623241,0.5005371,15.944996,0.03895782
712,1344.413,1344.5972,0.21638079,0.4928711,19.17109,0.03895782
713,1344.4426,1344.5817,0.19689217,0.49350587,23.007221,0.03895782
714,1345.3739,1344.6609,0.23369041,0.4945801,39.58684,0.03895782
715,1344.5559,1344.6504,0.21131325,0.4921875,18.51509,0.03894261
716,1344.8579,1344.6711,0.1940577,0.49243164,21.111853,0.03894261
717,1345.569,1344.761,0.24720034,0.49829102,22.747385,0.03894261
718,1345.3181,1344.8167,0.25041565,0.49482423,20.598936,0.03894261
719,1345.8491,1344.9199,0.32131368,0.49682617,26.89545,0.03894261
720,1344.4507,1344.873,0.3089989,0.49726564,19.59224,0.03893729
721,1345.0983,1344.8955,0.28266415,0.49189454,26.715796,0.03893729
722,1344.8073,1344.8867,0.25509876,0.4988281,17.894293,0.03893729
723,1344.8091,1344.8789,0.23013136,0.50805664,19.569931,0.03893729
724,1345.0365,1344.8947,0.2093534,0.49077147,16.650888,0.03893729
725,1344.8203,1344.8872,0.18891545,0.49614257,17.050756,0.038929783
726,1344.377,1344.8362,0.19345622,0.49746096,17.578104,0.038929783
727,1344.4424,1344.7968,0.18806757,0.49785155,16.878407,0.038929783
728,1344.4819,1344.7653,0.17818081,0.49248046,15.954936,0.038929783
729,1344.3376,1344.7225,0.17681943,0.5043457,17.476883,0.038929783
730,1344.4648,1344.6968,0.16511387,0.501709,18.99729,0.038933102
731,1344.7173,1344.6989,0.14864032,0.49677736,19.947737,0.038933102
732,1344.8846,1344.7174,0.13688293,0.49990237,16.642162,0.038933102
733,1345.2048,1344.7661,0.14457726,0.495166,29.081846,0.038933102
734,1344.6438,1344.7539,0.131466,0.495459,21.547146,0.038933102
735,1351.8568,1345.4642,4.658933,0.50087893,316.25333,0.03893481
736,1346.1589,1345.5337,4.236475,0.49443358,60.604504,0.03893481
737,1345.8513,1345.5654,3.8219075,0.50439453,24.866116,0.03893481
738,1344.7225,1345.4812,3.5036592,0.49189454,22.160826,0.03893481
739,1344.8627,1345.4193,3.1877255,0.49765626,17.368155,0.03893481
740,1344.5736,1345.3347,2.933322,0.49262697,17.443266,0.038920462
741,1343.1831,1345.1195,3.0566385,0.49838868,17.875725,0.038920462
742,1344.3682,1345.0444,2.801781,0.49868166,19.12388,0.038920462
743,1343.7424,1344.9142,2.6741714,0.49921876,16.976868,0.038920462
744,1344.0,1344.8228,2.4819703,0.498877,16.907377,0.038920462
745,1343.8918,1344.7296,2.3117664,0.5011719,16.276302,0.038922742
746,1343.6128,1344.6179,2.1928458,0.49838868,17.790829,0.038922742
747,1344.2185,1344.578,1.987919,0.50346684,18.42158,0.038922742
748,1344.8529,1344.6055,1.7959285,0.50444335,17.289162,0.038922742
749,1344.2932,1344.5742,1.6251109,0.49760744,17.243269,0.038922742
750,1344.918,1344.6086,1.4732345,0.49663085,18.288702,0.03891618
751,1344.1803,1344.5658,1.3424243,0.4975586,17.939299,0.03891618
752,1345.0353,1344.6128,1.228019,0.49350587,23.868767,0.03891618
753,1344.3486,1344.5864,1.1114973,0.49965823,18.982079,0.03891618
754,1344.4636,1344.5741,1.0017047,0.4966797,18.358313,0.03891618
755,1344.1965,1344.5364,0.91436404,0.50146484,18.070328,0.03891903
756,1344.3372,1344.5165,0.8264996,0.50146484,15.732567,0.03891903
757,1344.4259,1344.5074,0.74458796,0.50336915,19.871744,0.03891903
758,1343.8285,1344.4396,0.71161735,0.504834,16.278112,0.03891903
759,1343.7676,1344.3723,0.6810978,0.4947754,16.011877,0.03891903
760,1344.3921,1344.3743,0.6130232,0.4958496,22.664936,0.038910963
761,1344.2397,1344.3608,0.5533495,0.4970215,22.356964,0.038910963
762,1344.8655,1344.4113,0.5209339,0.49653322,39.037415,0.038910963
763,1344.2596,1344.3961,0.47090927,0.49892578,20.529352,0.038910963
764,1343.7048,1344.327,0.46682698,0.4991211,17.852392,0.038910963
765,1343.3241,1344.2267,0.5106724,0.49843752,16.917267,0.03890792
766,1344.2698,1344.231,0.45977223,0.5018066,20.930796,0.03890792
767,1344.0713,1344.215,0.41608945,0.49926758,15.0331745,0.03890792
768,1344.5542,1344.2489,0.38483763,0.49936524,16.44406,0.03890792
769,1345.019,1344.3259,0.39973447,0.49951172,16.545633,0.03890792
770,1344.2123,1344.3146,0.36092344,0.49086916,16.77213,0.038890157
771,1344.9028,1344.3734,0.35597524,0.50039065,18.317503,0.038890157
772,1344.2578,1344.3618,0.3215804,0.4977051,16.883944,0.038890157
773,1344.571,1344.3827,0.29336226,0.5079102,15.721267,0.038890157
774,1344.7197,1344.4164,0.27424943,0.49331054,17.730488,0.038890157
775,1344.6367,1344.4385,0.25119382,0.49482423,20.488012,0.0388801
776,1344.2891,1344.4236,0.22808366,0.4925293,19.538637,0.0388801
777,1344.2461,1344.4059,0.20811054,0.49765626,17.841042,0.0388801
778,1343.9984,1344.3651,0.20224239,0.49848634,19.722303,0.0388801
779,1344.2365,1344.3523,0.18350801,0.4980957,17.409172,0.0388801
780,1344.6343,1344.3805,0.17231347,0.49985352,17.019194,0.03887981
781,1344.6388,1344.4064,0.16108686,0.49326172,17.203562,0.03887981
782,1344.1984,1344.3856,0.14887223,0.5019043,16.789669,0.03887981
783,1344.2422,1344.3713,0.13583656,0.4952637,15.427419,0.03887981
784,1344.7816,1344.4124,0.13740245,0.49692383,24.282608,0.03887981
785,1344.9279,1344.4639,0.14757909,0.4940918,17.288416,0.03886833
786,1344.908,1344.5083,0.15057077,0.4928223,20.440477,0.03886833
787,1344.8496,1344.5425,0.14599793,0.501709,18.328444,0.03886833
788,1344.8798,1344.5762,0.14163636,0.5001465,17.198875,0.03886833
789,1344.4149,1344.56,0.129813,0.49448243,17.527138,0.03886833
790,1345.0278,1344.6068,0.13652478,0.49414062,24.165348,0.038856942
791,1344.4471,1344.5908,0.12516674,0.49267578,23.735832,0.038856942
792,1344.8643,1344.6182,0.11937919,0.5055176,26.027735,0.038856942
793,1344.5966,1344.616,0.10748329,0.49350587,17.206259,0.038856942
794,1344.1708,1344.5714,0.11457246,0.50693357,17.226427,0.038856942
795,1344.4464,1344.559,0.10452146,0.49047852,16.712698,0.038838446
796,1344.7505,1344.5781,0.09737079,0.50649416,15.803556,0.038838446
797,1344.0009,1344.5204,0.117625415,0.49570313,17.285057,0.038838446
798,1344.4216,1344.5105,0.106740594,0.5006836,15.175795,0.038838446
799,1344.5127,1344.5107,0.09606697,0.492334,15.18844,0.038838446
800,1344.2273,1344.4824,0.09369108,0.49794924,17.022945,0.038834464
801,1344.8984,1344.524,0.09989818,0.5061035,16.805702,0.038834464
802,1344.0989,1344.4816,0.10617769,0.49848634,16.957155,0.038834464
803,1344.5139,1344.4849,0.09565409,0.49765626,17.899538,0.038834464
804,1344.1919,1344.4556,0.09381344,0.49833983,16.2869,0.038834464
805,1344.6206,1344.472,0.08688351,0.49082032,16.34654,0.038816646
806,1344.13,1344.4379,0.08872444,0.49921876,16.877007,0.038816646
807,1344.6879,1344.4629,0.085476995,0.50092775,16.59167,0.038816646
808,1344.0012,1344.4167,0.09611181,0.5001953,16.127377,0.038816646
809,1344.3948,1344.4146,0.08654408,0.49746096,15.544907,0.038816646
810,1343.8127,1344.3544,0.110485084,0.50039065,16.944355,0.038817402
811,1343.5586,1344.2748,0.15642998,0.4961914,17.114965,0.038817402
812,1343.35,1344.1823,0.21776071,0.49819338,16.356136,0.038817402
813,1343.4637,1344.1104,0.2424472,0.5013672,16.274641,0.038817402
814,1343.3102,1344.0303,0.27582708,0.5103516,15.252104,0.038817402
815,1344.2349,1344.0508,0.2520115,0.50820315,15.971887,0.038833324
816,1344.8995,1344.1356,0.291645,0.50151366,16.4339,0.038833324
817,1344.1511,1344.1372,0.2625021,0.49916995,16.739216,0.038833324
818,1344.1794,1344.1415,0.23641245,0.49604493,15.731409,0.038833324
819,1343.7417,1344.1016,0.22715539,0.50219727,22.48873,0.038833324
820,1344.3691,1344.1283,0.21088366,0.49916992,16.670202,0.038831715
821,1343.8224,1344.0977,0.19821748,0.49672854,16.150785,0.038831715
822,1344.3538,1344.1233,0.18429874,0.50166017,17.504608,0.038831715
823,1344.1453,1344.1255,0.16591232,0.49814454,19.491066,0.038831715
824,1344.4492,1344.1578,0.1587532,0.50161135,16.711315,0.038831715
825,1344.6442,1344.2064,0.16416423,0.4966797,19.928963,0.03882527
826,1343.994,1344.1852,0.15180813,0.49228516,16.94656,0.03882527
827,1344.2817,1344.1948,0.13746642,0.5019043,16.581911,0.03882527
828,1344.0964,1344.1849,0.12459101,0.49418944,16.49376,0.03882527
829,1344.1365,1344.18,0.112343274,0.49897462,16.656252,0.03882527
830,1343.8367,1344.1458,0.11172106,0.50253904,18.31558,0.038830195
831,1344.0525,1344.1365,0.10133175,0.4987793,24.235117,0.038830195
832,1344.4849,1344.1713,0.10212229,0.501709,19.744434,0.038830195
833,1344.7603,1344.2302,0.12313182,0.5,18.441896,0.038830195
834,1344.6263,1344.2698,0.1249405,0.49975586,16.31787,0.038830195
835,1344.4512,1344.288,0.11540788,0.49384767,16.833958,0.038818255
836,1344.4948,1344.3086,0.10771557,0.49848634,15.643722,0.038818255
837,1344.5034,1344.3281,0.10036009,0.49882814,16.770761,0.038818255
838,1345.5568,1344.4509,0.22618362,0.5011231,23.467188,0.038818255
839,1344.7546,1344.4813,0.21186689,0.49804688,15.974787,0.038818255
840,1344.7728,1344.5105,0.1983279,0.50273436,15.372567,0.03882356
841,1344.1482,1344.4742,0.19030891,0.4940918,17.094046,0.03882356
842,1344.3092,1344.4578,0.17372942,0.4991211,17.884184,0.03882356
843,1343.7913,1344.3911,0.19633694,0.4927246,17.32315,0.03882356
844,1344.1096,1344.3629,0.18383475,0.5046387,18.058584,0.03882356
845,1344.3932,1344.366,0.16553375,0.50053716,16.821663,0.038824603
846,1344.417,1344.3711,0.14921468,0.50151366,22.065723,0.038824603
847,1344.0577,1344.3397,0.1431304,0.4974121,18.040342,0.038824603
848,1343.5507,1344.2609,0.18485314,0.49672854,16.092257,0.038824603
849,1343.192,1344.1539,0.269187,0.49345702,19.792948,0.038824603
850,1344.0254,1344.1411,0.24375531,0.49956053,18.52063,0.038823754
851,1344.0342,1344.1304,0.22040892,0.4963867,18.819418,0.038823754
852,1343.77,1344.0944,0.2100548,0.5022461,16.807627,0.038823754
853,1344.5217,1344.1371,0.20548724,0.49926758,18.312857,0.038823754
854,1345.1016,1344.2335,0.26865804,0.49663088,21.058193,0.038823754
855,1345.0659,1344.3168,0.30415192,0.5055664,17.893185,0.038834557
856,1344.3046,1344.3156,0.27375013,0.5064453,18.390924,0.038834557
857,1344.6669,1344.3507,0.2574833,0.5029785,16.274206,0.038834557
858,1344.2412,1344.3397,0.23281401,0.49155274,18.448538,0.038834557
859,1343.9705,1344.3027,0.22180454,0.49731445,16.764463,0.038834557
860,1343.9045,1344.263,0.21389431,0.4980957,15.512943,0.038830865
861,1344.1438,1344.251,0.19378237,0.49721682,16.644594,0.038830865
862,1343.868,1344.2126,0.18760163,0.50629884,15.744385,0.038830865
863,1344.3436,1344.2257,0.17038551,0.50263673,15.180998,0.038830865
864,1344.1531,1344.2185,0.15382174,0.5101563,15.902326,0.038830865
865,1344.5271,1344.2494,0.14701027,0.502002,17.390125,0.03883475
866,1344.3496,1344.2594,0.13321319,0.501709,20.22599,0.03883475
867,1343.8052,1344.214,0.13846059,0.49311525,18.38675,0.03883475
868,1344.2122,1344.2139,0.124614835,0.5019531,17.2911,0.03883475
869,1344.4028,1344.2328,0.11536704,0.50444335,18.038872,0.03883475
870,1344.6887,1344.2783,0.12253905,0.49438477,19.677961,0.038823843
871,1344.3113,1344.2816,0.11038291,0.49443358,17.241768,0.038823843
872,1343.8914,1344.2426,0.11305178,0.5031738,16.401142,0.038823843
873,1344.1416,1344.2324,0.10266382,0.5121582,16.496601,0.038823843
874,1344.6733,1344.2765,0.109894216,0.49956053,23.473572,0.038823843
875,1345.163,1344.3651,0.16963014,0.5001953,24.189259,0.038824227
876,1344.8953,1344.4181,0.17796257,0.49848634,20.562014,0.038824227
877,1344.437,1344.4199,0.16019852,0.4946289,16.75435,0.038824227
878,1344.7882,1344.4568,0.1563858,0.49653322,31.47943,0.038824227
879,1344.1017,1344.4213,0.15209602,0.49521485,23.95544,0.038824227
880,1344.3674,1344.4159,0.13714723,0.49873048,19.150227,0.03882176
881,1344.2198,1344.3962,0.12689154,0.5030274,17.344692,0.03882176
882,1344.2253,1344.3792,0.116830945,0.5027832,16.457052,0.03882176
883,1343.8326,1344.3245,0.13202831,0.5027344,16.608599,0.03882176
884,1344.2189,1344.314,0.11982892,0.494043,15.528154,0.03882176
885,1343.8783,1344.2704,0.1249287,0.503125,16.38376,0.038827825
886,1343.6658,1344.21,0.14533608,0.49345702,18.587505,0.038827825
887,1343.2766,1344.1166,0.20920521,0.50507814,16.138193,0.038827825
888,1343.543,1344.0592,0.21789707,0.50209963,18.248787,0.038827825
889,1343.661,1344.0194,0.21037759,0.496875,23.382805,0.038827825
890,1343.9365,1344.0111,0.18995813,0.500293,16.947914,0.03882839
891,1344.1084,1344.0209,0.17181419,0.49804688,17.365465,0.03882839
892,1344.1263,1344.0314,0.1556339,0.5037598,17.567204,0.03882839
893,1344.3806,1344.0663,0.15104787,0.50385743,17.883942,0.03882839
894,1344.0685,1344.0665,0.1359435,0.502002,17.789587,0.03882839
895,1343.4929,1344.0092,0.15196154,0.5012207,17.33398,0.03883076
896,1343.6199,1343.9702,0.15040404,0.5,16.45311,0.03883076
897,1344.3351,1344.0067,0.14734522,0.5003418,16.795362,0.03883076
898,1344.3926,1344.0453,0.1460109,0.4963867,17.090254,0.03883076
899,1344.301,1344.0708,0.13729595,0.50336915,15.899491,0.03883076
900,1344.5712,1344.1208,0.14609931,0.50385743,20.013487,0.03883825
901,1344.198,1344.1285,0.13202505,0.49350587,17.647667,0.03883825
902,1344.354,1344.1511,0.123397596,0.4966797,19.02921,0.03883825
903,1344.3073,1344.1667,0.11325167,0.50166017,17.848663,0.03883825
904,1343.9375,1344.1438,0.106656425,0.49301758,15.779035,0.03883825
905,1344.3792,1344.1674,0.100975916,0.49916992,15.700449,0.03883664
906,1344.6687,1344.2175,0.113499336,0.50009763,17.472128,0.03883664
907,1345.2157,1344.3174,0.1918201,0.5018555,42.640446,0.03883664
908,1344.3071,1344.3164,0.17264755,0.4970703,19.729868,0.03883664
909,1344.0586,1344.2906,0.16136484,0.49575195,17.971176,0.03883664
910,1344.3186,1344.2935,0.14529867,0.50097656,18.526688,0.038838536
911,1343.8047,1344.2446,0.15226942,0.496875,15.435921,0.038838536
912,1343.456,1344.1658,0.19300891,0.5017578,15.611555,0.038838536
913,1343.6672,1344.116,0.19607638,0.49428713,15.485693,0.038838536
914,1343.8127,1344.0857,0.1847437,0.50327146,15.396203,0.038838536
915,1343.584,1344.0355,0.1889234,0.49794924,16.947346,0.038834557
916,1345.0515,1344.1371,0.26293248,0.507666,23.000898,0.038834557
917,1344.6482,1344.1882,0.26015007,0.4910156,18.362906,0.038834557
918,1344.9016,1344.2595,0.2799369,0.49785155,17.802406,0.038834557
919,1343.934,1344.2269,0.26148233,0.49194336,18.830685,0.038834557
920,1344.6318,1344.2675,0.2500896,0.50175786,16.413383,0.038837973
921,1344.0978,1344.2505,0.22767177,0.49750978,18.37495,0.038837973
922,1344.3867,1344.2642,0.20657489,0.49731445,20.582964,0.038837973
923,1345.0227,1344.34,0.23770253,0.49916995,20.117893,0.038837973
924,1344.4446,1344.3505,0.21491724,0.49833986,16.363111,0.038837973
925,1345.6086,1344.4763,0.33589676,0.49975586,20.911634,0.0388375
926,1345.2737,1344.556,0.359528,0.4955078,24.055532,0.0388375
927,1345.0747,1344.6079,0.3477875,0.49189454,21.277075,0.0388375
928,1345.3788,1344.685,0.36649093,0.50029296,25.356148,0.0388375
929,1345.8611,1344.8026,0.454315,0.4961914,38.4671,0.0388375
930,1345.4607,1344.8684,0.44785985,0.49936527,16.912569,0.03883627
931,1345.0554,1344.8871,0.40622145,0.49838868,18.14812,0.03883627
932,1345.0055,1344.8989,0.36686113,0.49604493,15.996681,0.03883627
933,1345.4824,1344.9573,0.3608171,0.4902832,22.131588,0.03883627
934,1346.1562,1345.0771,0.45411402,0.49741212,30.100407,0.03883627
935,1345.1066,1345.0801,0.4087805,0.49433595,18.226612,0.03882527
936,1345.9109,1345.1632,0.4300246,0.5011719,47.147675,0.03882527
937,1345.2346,1345.1704,0.38748106,0.49594727,22.67855,0.03882527
938,1346.1123,1345.2646,0.42857784,0.49887696,17.75389,0.03882527
939,1345.5652,1345.2947,0.39384907,0.48808593,18.091362,0.03882527
940,1345.2374,1345.289,0.35475916,0.4952637,16.239887,0.038816083
941,1345.3112,1345.2911,0.31932765,0.48959962,20.404984,0.038816083
942,1344.7401,1345.2361,0.3147215,0.5006836,17.381962,0.038816083
943,1344.2671,1345.1392,0.3677548,0.51000977,17.001347,0.038816083
944,1344.9854,1345.1238,0.33310843,0.49731445,17.221067,0.038816083
945,1345.6459,1345.176,0.32433003,0.4979004,26.013432,0.038812008
946,1344.774,1345.1359,0.30643976,0.49555665,34.30782,0.038812008
947,1344.4188,1345.0642,0.32206908,0.49902344,17.89677,0.038812008
948,1344.3369,1344.9915,0.33746836,0.4952637,17.208948,0.038812008
949,1344.3066,1344.923,0.34592888,0.49853516,18.772833,0.038812008
950,1343.9998,1344.8307,0.3880458,0.49921876,16.151323,0.03881049
951,1344.0156,1344.7491,0.40903074,0.5047852,15.419649,0.03881049
952,1343.4542,1344.6196,0.5190417,0.49560547,19.678665,0.03881049
953,1343.3824,1344.4958,0.6048934,0.5041016,20.809002,0.03881049
954,1344.4062,1344.4869,0.54512656,0.5006348,24.454704,0.03881049
955,1345.1023,1344.5485,0.5246936,0.4949707,40.8851,0.03880073
956,1344.0734,1344.501,0.49253887,0.49936527,16.763916,0.03880073
957,1343.7683,1344.4277,0.4915969,0.49882814,15.9218855,0.03880073
958,1343.7717,1344.3622,0.48116812,0.5006348,15.029486,0.03880073
959,1343.0574,1344.2317,0.58627886,0.5012207,15.7947645,0.03880073
960,1343.4125,1344.1498,0.58805096,0.5036133,16.335283,0.038807746
961,1343.9099,1344.1257,0.5344242,0.49785155,26.86004,0.038807746
962,1343.9294,1344.1061,0.48444942,0.5000977,16.976955,0.038807746
963,1343.31,1344.0265,0.49303287,0.5038086,18.42229,0.038807746
964,1343.3932,1343.9631,0.47982588,0.5055176,17.649925,0.038807746
965,1343.245,1343.8914,0.47825852,0.5,28.041172,0.038807746
966,1343.6606,1343.8683,0.43522322,0.49873048,18.086586,0.038807746
967,1343.6162,1343.843,0.39741966,0.49833983,18.07257,0.038807746
968,1343.6095,1343.8197,0.36258554,0.5011231,19.767824,0.038807746
969,1343.4221,1343.7799,0.34055346,0.5019043,24.73353,0.038807746
970,1344.2432,1343.8262,0.32581273,0.5006348,17.184706,0.038808975
971,1344.0643,1343.85,0.29833624,0.49916995,25.134142,0.038808975
972,1344.345,1343.8994,0.2905544,0.49863282,15.864454,0.038808975
973,1344.174,1343.9269,0.26828226,0.49614257,17.133448,0.038808975
974,1344.3962,1343.9739,0.26128095,0.49799806,16.032938,0.038808975
975,1343.812,1343.9576,0.23751089,0.5007324,19.884762,0.0388104
976,1344.2688,1343.9888,0.22247349,0.4970703,15.389871,0.0388104
977,1344.2086,1344.0107,0.20457613,0.49921876,15.416614,0.0388104
978,1344.2299,1344.0327,0.18843958,0.49716797,17.63078,0.0388104
979,1344.3909,1344.0685,0.18114032,0.5023438,16.18547,0.0388104
980,1343.936,1344.0552,0.16460507,0.49487305,17.124533,0.038800452
981,1344.0701,1344.0566,0.14816451,0.49560547,17.353233,0.038800452
982,1344.1321,1344.0642,0.13386025,0.5029785,20.259853,0.038800452
983,1344.6714,1344.1249,0.15365404,0.49492186,20.531733,0.038800452
984,1344.3658,1344.1489,0.14351448,0.50024414,17.166307,0.038800452
985,1344.7303,1344.207,0.15958756,0.50473636,16.171736,0.03880964
986,1344.4681,1344.2332,0.14976479,0.49628907,16.702662,0.03880964
987,1344.1232,1344.2222,0.13587701,0.49804688,15.712452,0.03880964
988,1344.2161,1344.2216,0.12229266,0.4975586,16.874369,0.03880964
989,1343.4302,1344.1425,0.16642906,0.4953125,15.817586,0.03880964
990,1344.1777,1344.146,0.14989816,0.5022461,16.149405,0.038813997
991,1343.604,1344.0918,0.16134633,0.49995118,17.720018,0.038813997
992,1343.9299,1344.0756,0.14756973,0.49731445,26.39572,0.038813997
993,1343.8842,1344.0564,0.13611002,0.49667966,17.11048,0.038813997
994,1344.3584,1344.0865,0.13070749,0.49980468,19.265617,0.038813997
995,1343.9944,1344.0774,0.11840121,0.5020508,17.276342,0.038817976
996,1344.1177,1344.0814,0.10670713,0.5010254,16.214546,0.038817976
997,1343.9362,1344.0669,0.09793556,0.5035645,18.401176,0.038817976
998,1343.8616,1344.0464,0.09193615,0.5073731,17.505589,0.038817976
999,1344.1952,1344.0613,0.084735356,0.49721682,20.335686,0.038817976
