step,energy,ewmean,ewvar,pmove,locstd
0,1771.8859,1771.8859,0.0,0.98129886,3055.5815
1,1696.0283,1764.3,517.893,0.98061526,2784.4514
2,1696.8041,1757.5504,876.11725,0.97885746,2919.5625
3,1538.4043,1735.6357,5110.7573,0.9802246,2638.2217
4,1464.3885,1708.511,11221.436,0.9758301,2616.0627
5,1476.2412,1685.284,14954.723,0.9754395,2883.1887
6,1531.7238,1669.928,15581.519,0.970166,2891.2815
7,1483.8333,1651.3185,17140.178,0.9712402,2912.9456
8,1480.9724,1634.2839,18037.762,0.9677246,2760.0107
9,1319.8235,1602.8379,25133.668,0.9659668,2508.8232
10,1470.4841,1589.6025,24196.877,0.96254885,2829.6323
11,1445.1469,1575.157,23655.258,0.95888674,2831.0264
12,1327.492,1550.3905,26810.148,0.953711,2632.0393
13,1261.5079,1521.5022,31639.914,0.95107424,2564.2085
14,1285.072,1497.8591,33506.85,0.9500977,2491.2751
15,1339.1932,1481.9926,32421.904,0.9455078,2764.2913
16,1213.8055,1455.1738,35652.9,0.94565433,2298.1926
17,1179.1862,1427.5751,38942.836,0.9449219,2294.1208
18,1124.3528,1397.2528,43323.49,0.9425293,2198.1943
19,1210.1473,1378.5422,42141.9,0.9413086,2462.632
20,1268.444,1367.5325,39018.656,0.94223636,2689.199
21,1163.1326,1347.0925,38876.93,0.93706053,2324.982
22,1100.1841,1322.4017,40475.977,0.94023436,2154.8472
23,1217.8367,1311.9452,37412.426,0.9385254,2474.864
24,1221.4817,1302.8988,34407.71,0.93720704,2472.1472
25,1269.144,1299.5233,31069.482,0.93564457,2579.3105
26,1218.7339,1291.4443,28549.957,0.934375,2488.9473
27,1151.963,1277.4962,27445.914,0.93779296,2217.7964
28,1146.454,1264.392,26246.809,0.9403809,2325.3267
29,1163.1371,1254.2665,24544.857,0.9412109,2288.4666
30,1230.8787,1251.9277,22139.6,0.9433594,2558.6763
31,1163.6621,1243.1012,20626.812,0.9381348,2208.6514
32,1216.9796,1240.489,18625.541,0.94365233,2481.728
33,1183.2511,1234.7653,17057.842,0.94521487,2217.6729
34,1232.2769,1234.5164,15352.614,0.95214844,2475.8215
35,1219.4519,1233.0099,13837.776,0.9562012,2510.478
36,1180.4812,1227.7571,12702.332,0.9543945,2446.2344
37,1338.9352,1238.8749,12544.55,0.9568848,2783.7983
38,1164.5325,1231.4407,11787.506,0.9603516,2300.224
39,1239.6156,1232.2582,10614.77,0.96499026,2479.687
40,1162.1493,1225.2473,9995.665,0.9668457,2379.1208
41,1131.5454,1215.8771,9786.303,0.9666504,2175.5173
42,1304.5398,1224.7434,9515.169,0.9654297,2756.0046
43,1258.3813,1228.1072,8665.488,0.9689453,2492.5225
44,1120.3333,1217.3298,8844.309,0.97031254,2182.1887
45,1326.3967,1228.2366,9030.48,0.9722168,2660.9067
46,1211.001,1226.5131,8154.1685,0.9717285,2461.7612
47,1285.1816,1232.3799,7648.532,0.9725586,2650.164
48,1152.3435,1224.3762,7460.2026,0.9710938,2298.8054
49,1156.3492,1217.5735,7130.6724,0.97265625,2335.8872
50,1214.9584,1217.312,6418.2207,0.97265625,2560.7673
51,1216.5725,1217.238,5776.4478,0.9664551,2637.2751
52,1203.4695,1215.8612,5215.8647,0.96791995,2501.0564
53,1105.7246,1204.8475,5785.9844,0.9685547,2312.7588
54,1200.3083,1204.3936,5209.24,0.96972656,2428.671
55,1180.3492,1201.9891,4740.3477,0.9682617,2506.7517
56,1094.7532,1191.2655,5301.2725,0.9675293,2183.235
57,1157.6636,1187.9053,4872.763,0.96435547,2286.279
58,1122.3059,1181.3453,4772.7817,0.96499026,2242.438
59,1224.4153,1185.6523,4462.455,0.96430665,2446.3826
60,1291.7285,1196.26,5028.9033,0.96357423,2572.695
61,1250.7104,1201.7051,4792.849,0.962207,2507.443
62,1217.3849,1203.2731,4335.691,0.9626465,2461.2266
63,1180.1981,1200.9656,3950.0422,0.9632813,2483.991
64,1198.4753,1200.7166,3555.596,0.9609375,2339.5654
65,1160.332,1196.6781,3346.818,0.9580566,2465.4026
66,1161.8912,1193.1995,3121.0476,0.95961916,2393.3093
67,1242.6322,1198.1427,3028.8665,0.95961916,2571.5874
68,1279.5071,1206.2792,3321.7944,0.9537598,2570.057
69,1185.1254,1204.1638,3029.8884,0.95351565,2289.946
70,1138.2756,1197.575,3117.6123,0.953125,2322.0059
71,1211.084,1198.9259,2822.2756,0.9470703,2584.4163
72,1150.4497,1194.0782,2751.5427,0.94619143,2404.4338
73,1191.024,1193.7728,2477.228,0.94760746,2515.4734
74,1158.0955,1190.2051,2344.0637,0.9442871,2304.214
75,1177.555,1188.9401,2124.0593,0.9449707,2370.3677
76,1175.4497,1187.5911,1928.0325,0.9453613,2508.064
77,1184.6672,1187.2987,1735.9985,0.9441406,2445.2942
78,1241.188,1192.6876,1823.7635,0.9432129,2665.913
79,1131.369,1186.5558,1979.7847,0.9398926,2255.0068
80,1170.029,1184.9031,1806.3881,0.9387207,2299.2473
81,1119.8918,1178.402,2006.1307,0.9351563,2338.851
82,1106.5662,1171.2184,2269.9521,0.93598634,2258.4973
83,1269.6816,1181.0647,2915.508,0.9314942,2590.2954
84,1199.7019,1182.9285,2655.2183,0.93530273,2526.1997
85,1157.1924,1180.3549,2449.3076,0.9309082,2416.0693
86,1169.5247,1179.2719,2214.933,0.9314453,2428.1184
87,1220.9069,1183.4353,2149.4524,0.9322754,2518.841
88,1160.3665,1181.1284,1982.4027,0.93300784,2380.5618
89,1189.3271,1181.9482,1790.2122,0.92939454,2456.3638
90,1187.3159,1182.485,1613.784,0.9265625,2451.898
91,1151.8981,1179.4263,1536.606,0.9200684,2387.1433
92,1175.6978,1179.0535,1384.1964,0.91562504,2434.19
93,1191.5884,1180.307,1259.9178,0.9164551,2347.4666
94,1199.581,1182.2344,1167.3601,0.91552734,2511.2754
95,1132.4927,1177.2603,1273.3054,0.91025394,2256.9265
96,1156.6708,1175.2013,1184.1283,0.91269535,2462.819
97,1243.5856,1182.0397,1486.5923,0.91030276,2642.705
98,1150.3818,1178.8739,1428.1327,0.907959,2317.6313
99,1135.4204,1174.5286,1455.2579,0.90825194,2401.715
100,1146.4805,1171.7238,1380.5347,0.91025394,2340.9368
101,1115.906,1166.142,1522.8871,0.9118164,2196.4998
102,1147.6729,1164.295,1401.2981,0.9064453,2314.477
103,1097.3457,1157.6001,1664.5675,0.9059082,2289.3577
104,1186.4803,1160.4882,1573.1769,0.9059082,2368.9326
105,1222.803,1166.7196,1765.3416,0.90776366,2577.438
106,1049.2515,1154.9728,2830.6958,0.9013184,2245.252
107,1195.11,1158.9865,2692.6157,0.8986328,2427.08
108,1033.234,1146.4113,3846.585,0.8984375,2039.032
109,1067.7952,1138.5497,4018.1704,0.8979004,2224.608
110,1130.0005,1137.6948,3622.9312,0.89638674,2206.3628
111,1171.1663,1141.042,3361.4683,0.89262694,2420.4026
112,1049.3713,1131.8749,3781.6372,0.8907227,2122.088
113,1033.1815,1122.0055,4280.1074,0.8893555,2097.5588
114,1093.6675,1119.1716,3924.3704,0.88544923,2236.5867
115,1121.9053,1119.445,3532.6057,0.88862306,2299.086
116,1137.1963,1121.2201,3207.7048,0.8864258,2308.6272
117,1079.6289,1117.061,3042.6187,0.8854004,2238.6946
118,1049.6888,1110.3239,3146.868,0.8842285,2197.821
119,1132.5336,1112.5448,2876.5754,0.8838379,2294.7776
120,1098.1566,1111.106,2607.5496,0.8853027,2254.978
121,1115.492,1111.5446,2348.526,0.8796387,2437.1797
122,1120.7935,1112.4695,2121.372,0.8851563,2239.069
123,1120.7373,1113.2963,1915.387,0.87944335,2394.7388
124,1125.3859,1114.5052,1737.0024,0.8781738,2373.1833
125,1014.7844,1104.5332,2458.284,0.87763673,1918.9537
126,1104.5461,1104.5345,2212.4556,0.8769531,2301.511
127,1038.0471,1097.8857,2389.062,0.8785645,2313.3472
128,1176.6458,1105.7617,2708.4382,0.87285155,2461.621
129,1033.4573,1098.5312,2908.1082,0.875586,2096.7412
130,1231.0175,1111.7799,4197.031,0.86982423,2604.75
131,1101.9432,1110.7963,3786.036,0.8686035,2241.8645
132,1171.026,1116.8192,3733.918,0.8700684,2279.9185
133,1089.3516,1114.0725,3428.4287,0.8650879,2296.8525
134,1178.0869,1120.474,3454.3918,0.86518556,2660.309
135,1091.976,1117.6241,3182.0452,0.8637207,2170.9854
136,1154.7009,1121.3318,2987.5625,0.8619141,2467.21
137,1107.3206,1119.9307,2706.4744,0.8601074,2365.1382
138,1034.8567,1111.4232,3087.209,0.8544922,2030.6394
139,999.28613,1100.2095,3910.2134,0.8508301,2103.6013
140,1196.5354,1109.842,4354.274,0.84414065,2491.1113
141,1061.2148,1104.9794,4131.6606,0.8432617,2171.5186
142,1077.6282,1102.2443,3785.8223,0.836084,2246.6873
143,1132.6516,1105.285,3490.4546,0.8425781,2368.9937
144,1134.4993,1108.2064,3218.2214,0.8405762,2318.0334
145,1129.302,1110.3159,2936.4514,0.8298828,2346.7197
146,1037.943,1103.0786,3114.2117,0.8365235,2064.4734
147,1073.9022,1100.161,2879.404,0.8322266,2171.6633
148,1107.9958,1100.9445,2596.9883,0.8261719,2364.9817
149,1071.2717,1097.9772,2416.5317,0.82963866,2190.8606
150,1175.3926,1105.7188,2714.2615,0.82426757,2482.538
151,1221.8582,1117.3326,3656.7878,0.8237793,2664.8706
152,1048.5038,1110.4497,3717.4758,0.82890624,2153.7634
153,1075.5935,1106.9641,3455.074,0.8272461,2289.2524
154,1058.9646,1102.1642,3316.922,0.82558596,2224.0361
155,1079.0316,1099.851,3033.3901,0.82626957,2214.2378
156,1060.3318,1095.899,2870.6099,0.8162598,2207.5593
157,1114.1897,1097.7281,2613.6582,0.81894535,2315.1501
158,957.016,1083.657,4134.284,0.8148926,1992.5928
159,986.48584,1073.9398,4570.6562,0.80874026,2053.5195
160,1022.771,1068.823,4349.233,0.8102539,2108.1829
161,1043.5757,1066.2982,3971.678,0.80791014,2428.909
162,985.52454,1058.2208,4161.705,0.8070313,2116.9248
163,1054.7169,1057.8705,3746.6392,0.7987793,2167.188
164,1036.5093,1055.7344,3413.0422,0.8004395,2163.859
165,1039.373,1054.0983,3095.8303,0.7993164,2325.876
166,937.7009,1042.4585,4005.598,0.7991211,2112.2703
167,1012.54,1039.4667,3685.5986,0.795752,2131.109
168,1090.5255,1044.5725,3551.6692,0.7966797,2424.281
169,961.4091,1036.2562,3818.9556,0.7910156,2007.8601
170,1079.6725,1040.5979,3606.7073,0.7938965,2266.2063
171,1020.6836,1038.6064,3281.7285,0.7862305,2152.2822
172,983.58105,1033.1039,3226.057,0.7871094,2223.2322
173,1072.136,1037.0071,3040.5667,0.7866699,2336.4717
174,1050.6113,1038.3676,2753.1667,0.7746582,2395.095
175,937.30524,1028.2614,3397.0732,0.7709473,1913.4467
176,992.1739,1024.6526,3174.5732,0.76342773,2317.2756
177,1097.7642,1031.9637,3338.193,0.7588379,2397.592
178,923.2815,1021.0955,4067.4387,0.75527346,1758.5935
179,1077.4187,1026.7278,3946.202,0.74604493,2385.1604
180,1013.7247,1025.4275,3566.799,0.7381348,2107.315
181,970.4658,1019.93134,3481.9897,0.7338867,2016.5826
182,1019.08185,1019.8464,3133.8557,0.72631836,2193.0442
183,947.87085,1012.6488,3286.713,0.72441405,2194.7405
184,960.78906,1007.4628,3200.0906,0.72211915,2162.8323
185,870.543,993.7709,4567.3145,0.7185547,1944.7817
186,934.75354,987.86914,4424.057,0.7171875,2044.2186
187,958.685,984.95074,4058.3057,0.71416014,2086.762
188,988.5737,985.31305,3653.6562,0.7025879,2113.424
189,939.0489,980.68665,3480.924,0.707959,1982.1425
190,1020.52026,984.67,3275.636,0.70234376,2194.1147
191,1074.5613,993.6591,3675.3125,0.69804686,2422.501
192,1121.6821,1006.4614,4782.8716,0.69638675,2602.2014
193,1022.90607,1008.1059,4328.9224,0.69379884,2151.7969
194,930.588,1000.3541,4436.8423,0.6831543,1999.2516
195,986.0758,998.9263,4011.5063,0.6816406,2156.6338
196,945.1904,993.5527,3870.2341,0.67104495,2083.9836
197,875.0234,981.69977,4747.6377,0.66674805,1945.131
198,926.1457,976.14435,4550.6367,0.6617188,2040.6165
199,945.0255,973.0325,4182.7275,0.65844727,2021.2698
200,971.92896,972.9221,3764.5642,0.6442871,2107.4802
201,885.21643,964.15155,4080.4136,0.6484863,1960.4989
202,913.6858,959.105,3901.5835,0.6414551,1901.1066
203,920.56067,955.25055,3645.1348,0.6335449,2091.9229
204,929.61426,952.6869,3339.771,0.634668,1978.7853
205,913.8679,948.805,3141.4158,0.63134766,2059.4802
206,911.8689,945.1114,2950.0588,0.62905276,2068.4685
207,978.9034,948.4906,2757.8237,0.62294924,2197.622
208,863.2807,939.9696,3135.5068,0.6246094,2018.8075
209,919.422,937.91486,2859.9546,0.62353516,2015.7623
210,875.93555,931.7169,2919.6882,0.6200684,1775.4585
211,955.4273,934.08795,2678.3157,0.6140137,2080.523
212,943.7092,935.05005,2418.8152,0.606543,2053.4602
213,929.1116,934.4562,2180.1077,0.60249025,2159.339
214,983.453,939.35583,2178.1587,0.590918,2253.4592
215,958.1605,941.2363,1992.1682,0.5949219,2186.768
216,982.72186,945.3849,1947.8458,0.5836426,2169.5908
217,806.6526,931.51166,3485.2598,0.5788574,1727.3853
218,982.43884,936.6044,3370.1558,0.5725586,2223.9856
219,917.9249,934.73645,3064.543,0.5663086,2061.4353
220,831.395,924.4023,3719.2393,0.5605469,1884.577
221,861.85486,918.1475,3699.4116,0.55859375,1895.4106
222,886.8855,915.0213,3417.4287,0.5456055,2168.7173
223,790.2125,902.5404,4477.6367,0.55205077,1763.2156
224,932.3935,905.5257,4110.0815,0.54624027,2210.2427
225,845.81604,899.55475,4019.9453,0.5401856,1937.7932
226,819.86127,891.5854,4189.545,0.5335938,1920.9358
227,810.73486,883.50037,4358.903,0.52817386,1847.5155
228,800.0315,875.1535,4550.0474,0.5198242,1839.9459
229,858.4015,873.4783,4120.2993,0.51342773,2012.6917
230,774.8168,863.6121,4584.3374,0.5198242,1783.1598
231,892.08105,866.459,4198.8467,0.5162598,2081.384
232,831.14136,862.92725,3891.222,0.50981444,1908.7014
233,804.9365,857.1282,3804.7627,0.5004883,1903.636
234,840.3358,855.4489,3449.6648,0.50029296,2055.8464
235,853.2239,855.22644,3105.1438,0.5006836,1980.9917
236,791.8712,848.8909,3155.879,0.4932129,1905.1306
237,782.9635,842.2982,3231.4692,0.49204102,1830.7362
238,817.65564,839.834,2962.9753,0.4810547,2048.877
239,778.9221,833.7428,3000.6008,0.4777344,1893.1587
240,825.67865,832.9364,2706.3933,0.47133788,2027.3364
241,760.89795,825.73254,2902.8123,0.46132812,1837.4132
242,810.9525,824.2545,2632.1914,0.4506836,1945.8995
243,785.26733,820.3558,2505.7722,0.45083007,2018.9514
244,819.2644,820.24664,2255.3022,0.44423828,1970.751
245,724.7134,810.6933,2851.1663,0.4331543,1863.0204
246,695.0105,799.125,3770.4756,0.42236328,1640.3218
247,749.9679,794.2093,3610.9058,0.41445312,1874.6622
248,670.7776,781.8661,4621.0,0.41093752,1633.455
249,775.1779,781.19727,4162.926,0.41176757,1868.5538
250,734.72626,776.5502,3940.9932,0.40405273,1909.0491
251,713.9252,770.28766,3899.8638,0.4023926,1712.4055
252,722.235,765.4824,3717.6924,0.40024415,1815.4895
253,702.3837,759.17255,3704.2532,0.39296874,1727.9103
254,633.01294,746.5566,4766.29,0.39594728,1574.3456
255,659.58905,737.8598,4970.3623,0.39067385,1699.3759
256,688.49994,732.9238,4692.6016,0.38911134,1660.3113
257,730.47107,732.6785,4223.883,0.3789551,1840.8623
258,702.80896,729.6916,3881.7917,0.37543947,1856.6619
259,647.9773,721.52014,4094.5627,0.38208008,1609.18
260,703.05115,719.6732,3715.806,0.37729493,1976.6548
261,646.0761,712.3135,3831.7134,0.36948243,1671.4762
262,678.66254,708.94836,3550.4565,0.3602539,1689.0511
263,625.70593,700.62415,3819.0479,0.3525879,1656.9445
264,661.4998,696.71173,3574.9072,0.34145507,1628.8154
265,668.8751,693.9281,3287.1555,0.33496094,1688.7195
266,679.1658,692.45184,2978.0532,0.33510742,1768.4448
267,681.7011,691.3768,2690.65,0.3296875,1586.0991
268,699.56555,692.1957,2427.6199,0.3236328,1743.4431
269,712.11115,694.18726,2220.5542,0.31782228,1820.286
270,690.17725,693.78625,1999.9458,0.30605468,1664.9612
271,624.3331,686.84094,2234.0874,0.29824218,1467.5236
272,628.4066,680.9975,2317.99,0.29067382,1561.2583
273,574.9513,670.3929,3098.3127,0.3022461,1411.8359
274,627.6775,666.12134,2952.6958,0.30200195,1561.619
275,701.2311,669.6323,2768.3684,0.30634767,1867.2173
276,594.4397,662.11304,3000.3853,0.3081543,1586.0477
277,610.18823,656.92053,2943.0034,0.30039063,1467.2357
278,638.8247,655.11096,2678.1743,0.2885254,1701.2217
279,605.2118,650.12103,2634.4502,0.286084,1651.7079
280,571.1336,642.2223,2932.5164,0.28374025,1441.1423
281,616.87634,639.6877,2697.0823,0.27441406,1604.3868
282,608.79517,636.59845,2513.2654,0.27153322,1639.4266
283,569.41223,629.8798,2668.1975,0.26904297,1513.2871
284,593.44324,626.23615,2520.864,0.2680664,1570.2219
285,628.0144,626.41394,2269.062,0.26088867,1814.5597
286,602.2354,623.9961,2094.77,0.26274416,1630.587
287,518.8578,613.48224,2880.1584,0.25688478,1303.5161
288,564.73193,608.6072,2806.036,0.25004885,1459.0566
289,567.2496,604.47144,2679.3728,0.24135743,1528.8654
290,565.61145,600.58545,2547.3442,0.23916017,1499.9471
291,570.81635,597.6085,2372.3677,0.23881836,1685.4268
292,563.7445,594.2221,2238.3403,0.2279297,1706.1522
293,520.7756,586.87744,2500.0017,0.2275879,1489.5951
294,532.4421,581.4339,2516.6902,0.22788087,1490.4952
295,486.7428,571.9648,3071.9973,0.21923828,1327.2239
296,517.3446,566.50275,3033.3003,0.21225587,1377.2831
297,540.4358,563.89606,2791.124,0.20517579,1605.2833
298,520.66705,559.5732,2680.1987,0.20507812,1329.7288
299,521.40063,555.7559,2543.3218,0.21000977,1400.4264
300,504.25787,550.60614,2527.6738,0.19658203,1300.176
301,503.75818,545.9213,2472.4321,0.20078126,1558.7363
302,467.94977,538.12415,2772.3496,0.1966797,1269.5612
303,508.79276,535.191,2572.5442,0.18125,1471.6886
304,521.1384,533.7857,2333.0623,0.1831543,1474.2018
305,562.4881,536.65594,2173.9004,0.1774414,1615.4395
306,506.36273,533.62665,2039.1013,0.16733399,1354.2396
307,553.8782,535.6518,1872.1023,0.16079102,1620.3196
308,517.0937,533.79596,1715.8883,0.15478516,1357.203
309,486.07266,529.0236,1749.2756,0.15576172,1425.2247
310,482.7517,524.3964,1767.0461,0.1515625,1366.9429
311,431.63867,515.12067,2364.7017,0.14770508,1271.3496
312,451.80383,508.78897,2489.0432,0.14389649,1241.3705
313,499.55185,507.86526,2247.818,0.14277343,1421.3711
314,532.4337,510.3221,2077.361,0.14169922,1674.9028
315,451.8321,504.4731,2177.5222,0.14404297,1367.0485
316,423.3241,496.35822,2552.4346,0.13891602,1281.5676
317,431.12048,489.83444,2680.2275,0.14091797,1223.5175
318,452.6297,486.11395,2536.782,0.14267579,1404.0175
319,416.17126,479.1197,2723.3818,0.1456543,1158.4434
320,433.06842,474.51456,2641.9084,0.14897461,1233.2274
321,420.63904,469.127,2638.949,0.14609376,1281.0859
322,408.50433,463.06476,2705.814,0.14428711,1126.7948
323,466.99124,463.4574,2436.62,0.13876954,1522.4102
324,446.4414,461.7558,2219.0168,0.13496093,1320.9326
325,445.34454,460.1147,2021.3547,0.1307129,1416.8215
326,382.01523,452.30475,2368.1763,0.12783204,978.63464
327,383.01526,445.3758,2563.4514,0.12519531,991.0831
328,385.38135,439.37634,2631.0461,0.12841797,1143.3043
329,386.36884,434.0756,2620.823,0.12578125,1148.8943
330,413.15063,431.9831,2398.1475,0.1293457,1306.3639
331,408.68542,429.65332,2207.1829,0.12807618,1304.6735
332,397.20605,426.4086,2081.2188,0.1234375,1242.9779
333,415.8815,425.3559,1883.0707,0.12700196,1367.2104
334,398.3611,422.65643,1760.3483,0.1284668,1228.2412
335,390.85925,419.4767,1675.3088,0.13359375,1172.9183
336,408.10657,418.3397,1519.4131,0.12524414,1180.7264
337,428.745,419.38022,1377.2161,0.118457034,1303.635
338,421.7874,419.62094,1240.016,0.11450195,1231.746
339,393.58716,417.01758,1177.0126,0.10771485,1123.9956
340,416.32574,416.9484,1059.3544,0.10585938,1224.0083
341,485.76187,423.82974,1379.5953,0.109472655,1447.2312
342,530.58875,434.50565,2267.4094,0.11723633,1545.9755
343,469.13495,437.96857,2148.5955,0.12558594,1399.3702
344,453.35962,439.50766,1955.0555,0.13012695,1360.4261
345,363.3128,431.88818,2282.0588,0.13569336,1003.5272
346,376.60263,426.35962,2328.9373,0.12172852,1085.4458
347,407.49805,424.47345,2128.0618,0.116845705,1314.2382
348,347.4702,416.77313,2448.9104,0.10893555,1078.5975
349,381.9038,413.2862,2313.4475,0.1109375,1270.4122
350,363.03162,408.26074,2309.3997,0.109033205,1229.1561
351,387.6416,406.19882,2116.7231,0.109960936,1299.0227
352,403.8462,405.96356,1905.549,0.10209961,1436.0006
353,379.39548,403.30676,1778.5217,0.108789064,1172.2566
354,367.8365,399.75974,1713.9022,0.113427736,1159.7809
355,343.6759,394.15137,1825.5977,0.112939455,995.63544
356,368.47223,391.58347,1702.3855,0.10244141,1142.421
357,340.4618,386.4713,1767.3552,0.09702148,1160.0433
358,334.1252,381.2367,1837.23,0.089746095,1147.9808
359,332.96185,376.4092,1863.2484,0.08271485,1091.6012
360,314.14984,370.1833,2025.7842,0.084375,1011.8141
361,353.72205,368.53717,1847.5931,0.08828125,1320.0314
362,327.8589,364.46933,1811.7588,0.09833985,1095.652
363,340.84113,362.1065,1680.8292,0.08520508,1297.2357
364,358.78687,361.77454,1513.7382,0.07973633,1399.2235
365,339.05777,359.50287,1408.8088,0.08256836,1216.7516
366,344.81934,358.03452,1287.3325,0.08071289,1186.552
367,357.7349,358.00455,1158.6074,0.07661133,1343.3295
368,364.40414,358.6445,1046.4326,0.07290039,1421.5934
369,329.8059,355.76065,1016.63916,0.06923828,1280.8518
370,353.88416,355.573,915.2921,0.070458986,1457.339
371,343.60797,354.3765,836.6474,0.06342774,1344.721
372,298.19897,348.75873,1037.0149,0.05805664,973.4581
373,290.1037,342.89322,1242.9506,0.05913086,952.1709
374,286.6654,337.27045,1403.1965,0.061669923,979.9813
375,266.3065,330.17404,1716.1063,0.06591797,955.72455
376,284.09412,325.56604,1735.598,0.06347656,1039.3275
377,257.87543,318.79697,1974.42,0.068164065,1055.8097
378,241.96605,311.11386,2308.247,0.06713867,1018.7596
379,250.44801,305.04727,2408.6533,0.06918945,1135.2484
380,263.08478,300.851,2326.2646,0.06865235,1219.164
381,251.18741,295.88464,2315.6208,0.06704102,1095.0836
382,270.19714,293.3159,2143.445,0.066259764,1124.8342
383,250.06981,288.99127,2097.4204,0.07036133,900.1359
384,215.83804,281.67596,2369.3037,0.07055664,749.6678
385,247.7467,278.28305,2235.9807,0.063769534,917.68787
386,256.91916,276.14667,2053.46,0.06269532,1034.962
387,247.54248,273.28625,1921.752,0.064208984,988.9835
388,241.01529,270.05914,1823.3041,0.065625004,900.6409
389,248.65776,267.919,1682.1953,0.06669922,1146.006
390,273.8848,268.5156,1517.179,0.06430664,1347.3757
391,277.41913,269.40594,1372.5956,0.064208984,1372.4631
392,259.0858,268.37393,1244.9215,0.061083984,1268.6404
393,242.6597,265.80252,1179.9393,0.060644533,1133.6796
394,249.66104,264.1884,1085.3945,0.060058594,1132.5913
395,238.87009,261.65656,1034.5465,0.057910156,991.4867
396,246.19482,260.11038,952.60767,0.062646486,1062.8339
397,242.09206,258.30856,886.5663,0.057958987,1030.8756
398,251.3497,257.61267,802.26794,0.058007814,1134.7733
399,231.89517,255.04092,781.5662,0.05517578,1078.2882
400,223.2794,251.86478,794.20105,0.051464844,1156.0651
401,204.83723,247.16202,913.82404,0.05180664,1077.4706
402,218.05576,244.25139,898.6873,0.055126954,1134.7489
403,177.8045,237.6067,1206.1855,0.05317383,941.2708
404,185.4484,232.39087,1330.411,0.05209961,948.0217
405,226.74887,231.82668,1200.2347,0.050732423,1137.5424
406,264.47537,235.09155,1176.1456,0.053320315,1332.5945
407,249.19058,236.50145,1076.4215,0.052734375,1271.4922
408,210.78986,233.9303,1028.2771,0.05341797,1085.4982
409,238.17012,234.35428,927.0672,0.05415039,1178.3173
410,202.73923,231.19278,924.31647,0.05654297,927.878
411,187.86298,226.8598,1000.8573,0.059521485,879.0784
412,200.60388,224.2342,962.8152,0.0597168,918.62317
413,218.98882,223.70967,869.0099,0.064941406,882.33575
414,235.00793,224.8395,793.5975,0.063769534,1033.9307
415,237.17561,226.0731,727.93384,0.072070315,1027.5725
416,233.81714,226.8475,660.5377,0.06801758,983.0475
417,237.12358,227.8751,603.98773,0.067675784,926.7582
418,225.90271,227.67787,543.9391,0.066064455,950.8572
419,230.47302,227.95738,490.24835,0.061914064,948.4034
420,244.33435,229.59508,465.36194,0.058447268,1039.7786
421,251.2097,231.75655,460.873,0.052783202,1118.999
422,268.74084,235.45497,537.8911,0.053271484,1255.992
423,230.36433,234.9459,486.43427,0.05229492,1155.8545
424,203.4494,231.79626,527.07355,0.053710938,1020.35834
425,183.76471,226.9931,681.9989,0.052734375,837.6534
426,180.11935,222.30573,811.54236,0.0550293,778.674
427,196.09467,219.68462,792.21985,0.0546875,839.3891
428,194.67651,217.1838,769.2843,0.053857423,888.98315
429,177.02242,213.16766,837.52026,0.055664062,691.6034
430,227.63937,214.61484,772.61694,0.05517578,1026.9114
431,210.83635,214.23698,696.64014,0.05493164,878.13416
432,236.73024,216.48631,672.5113,0.05214844,1033.6089
433,243.04333,219.14201,668.7349,0.05053711,1104.7566
434,254.84474,222.71228,716.58307,0.053857423,1144.5297
435,252.86191,225.72725,726.73474,0.044873048,1209.9148
436,236.3732,226.79184,664.26154,0.04428711,1229.952
437,193.83504,223.49615,695.5889,0.04272461,1053.2678
438,164.04822,217.55136,944.09515,0.044677734,978.6092
439,143.19412,210.11563,1347.2955,0.049462892,769.4198
440,136.75214,202.77928,1696.9641,0.049414065,793.321
441,126.81106,195.18246,2046.6729,0.047021486,825.92883
442,164.0228,192.0665,1929.3888,0.046240237,1054.9576
443,183.76575,191.23642,1742.6511,0.047167968,1041.6713
444,180.83096,190.19588,1578.1306,0.05180664,879.7695
445,201.49149,191.32544,1431.8007,0.056250002,870.0657
446,179.81897,190.17479,1300.5365,0.058642577,754.10205
447,203.64456,191.52176,1186.8119,0.057226565,1026.8606
448,155.70247,187.93983,1183.6025,0.055078126,717.4623
449,127.2901,181.87486,1396.2974,0.05126953,683.51764
450,154.21085,179.10846,1325.5444,0.049804688,860.539
451,135.83244,174.78085,1361.5432,0.051220704,662.102
452,163.88266,173.69104,1236.0782,0.047558594,709.0599
453,189.85431,175.30737,1135.983,0.052832033,848.8088
454,205.62369,178.339,1105.1018,0.053076174,888.13184
455,205.59924,181.06503,1061.4724,0.05288086,971.9728
456,174.57834,180.41637,959.1121,0.04736328,857.24506
457,170.67755,179.44249,871.7369,0.044873048,860.6689
458,154.5072,176.94896,840.52234,0.046191406,839.26996
459,158.17331,175.0714,788.1973,0.04560547,801.14996
460,161.82932,173.7472,725.1593,0.046289064,796.6098
461,157.57889,172.13036,676.17065,0.044531252,756.90985
462,158.06972,170.72429,626.3467,0.04560547,780.71106
463,160.29231,169.68109,573.50635,0.041796874,788.91644
464,156.2421,168.33719,532.4103,0.04042969,794.99866
465,182.06412,169.70988,496.12778,0.039453126,1028.2509
466,174.22185,170.16109,448.34717,0.0362793,1027.1522
467,175.80313,170.7253,406.37738,0.03540039,1017.5419
468,155.25401,169.17816,387.2821,0.035839844,921.7765
469,168.09161,169.0695,348.66016,0.03525391,909.6371
470,156.96133,167.85869,326.98883,0.036035158,846.38983
471,177.18951,168.79178,302.12573,0.037060548,933.30695
472,159.38045,167.85065,279.88474,0.034033205,873.706
473,160.76324,167.1419,256.41708,0.034521487,965.4634
474,160.91736,166.51945,234.26244,0.03413086,1016.3381
475,151.89813,165.05733,230.07666,0.033496093,910.0202
476,139.14417,162.466,267.50327,0.03173828,809.88
477,136.56294,159.8757,301.1401,0.031103516,804.10767
478,129.22292,156.81042,355.58948,0.033154298,710.0121
479,124.699524,153.59933,412.8304,0.03491211,702.74536
480,129.57071,151.19647,423.5111,0.03388672,766.37134
481,101.9765,146.27448,599.19446,0.035302736,571.9023
482,97.78036,141.42506,750.92615,0.035009768,546.9054
483,107.50511,138.03307,779.3842,0.033544924,649.5956
484,105.806305,134.8104,794.9165,0.034960937,600.5319
485,117.20844,133.0502,743.3094,0.03666992,637.2448
486,129.84372,132.72955,669.90375,0.036572266,775.6405
487,124.88806,131.9454,608.4474,0.035791017,727.14484
488,106.189285,129.3698,607.30664,0.032714844,706.9881
489,101.34662,126.56748,617.2528,0.030517578,719.4015
490,76.33115,121.543846,782.65955,0.03256836,610.0856
491,77.96976,117.18644,875.2767,0.029052734,678.88934
492,74.053604,112.87315,955.1887,0.028076172,702.254
493,57.882812,107.37412,1131.8242,0.030664062,558.48157
494,72.079056,103.84462,1130.7585,0.030761719,682.09595
495,68.50592,100.31075,1130.0768,0.030517578,638.3973
496,70.419235,97.3216,1097.4843,0.028808594,643.9352
497,59.982506,93.58769,1113.2145,0.029248048,641.38025
498,71.9675,91.425674,1043.9619,0.028613282,708.73663
499,80.21381,90.30449,950.8792,0.028027344,815.63477
500,89.681076,90.24215,855.82623,0.025830079,883.35046
501,76.43271,88.861206,787.4067,0.027734375,754.03906
502,75.404144,87.5155,724.9643,0.02890625,678.2988
503,91.875885,87.95154,654.179,0.026904298,758.72266
504,80.8542,87.241806,593.2946,0.02758789,682.1995
505,88.613205,87.378944,534.1344,0.02626953,760.29816
506,100.98566,88.73962,497.3838,0.026416017,846.7339
507,74.41521,87.307175,466.11237,0.023779297,653.0727
508,75.08368,86.08482,432.94836,0.025830079,673.86804
509,83.15318,85.79166,390.42703,0.024218751,795.86255
510,66.87367,83.89986,383.59442,0.024267578,699.97125
511,62.252663,81.73514,387.40906,0.022998048,671.04736
512,51.140976,78.67572,432.9084,0.025097657,639.19495
513,40.842995,74.89245,518.4359,0.023925781,648.642
514,26.909176,70.094124,673.8078,0.024218751,588.699
515,25.201506,65.60486,787.8082,0.02348633,662.19904
516,29.259396,61.970314,827.9167,0.025,738.62225
517,33.06995,59.080276,820.29584,0.02578125,794.1884
518,29.110922,56.08334,819.1008,0.024658203,782.80347
519,17.04704,52.17971,874.3357,0.028955078,656.75555
520,12.092369,48.170975,931.5316,0.026660157,514.4393
521,20.303673,45.384243,908.2712,0.027197266,517.4277
522,34.46599,44.29242,828.1728,0.026611328,600.4294
523,49.031376,44.766315,747.3767,0.028271485,606.99274
524,63.40856,46.63054,703.91705,0.030908203,755.78094
525,80.98292,50.065777,739.7331,0.031152343,838.20746
526,84.13976,53.473175,770.25305,0.030810548,842.3636
527,90.31084,57.15694,815.3589,0.030712891,756.0036
528,83.56527,59.797775,796.589,0.032128908,703.0076
529,87.06487,62.524487,783.8446,0.03149414,687.2428
530,88.12439,65.08448,764.4421,0.03466797,697.12177
531,103.32972,68.909004,819.6407,0.03227539,855.30023
532,88.96631,70.914734,773.8832,0.029541016,777.9649
533,64.383995,70.26166,700.33344,0.029443359,527.72205
534,51.26548,68.36204,662.777,0.028027344,574.5888
535,42.06718,65.73255,658.72705,0.025195314,529.6871
536,60.91742,65.25104,594.94104,0.025244141,752.66534
537,55.979313,64.32387,543.1838,0.023925781,702.31647
538,89.538635,66.845345,546.086,0.024267578,935.80676
539,92.675934,69.428406,551.5271,0.023828125,939.29974
540,71.27829,69.613396,496.68237,0.022558594,753.2486
541,61.983658,68.85042,452.2533,0.021484375,744.04565
542,45.380764,66.503456,456.60217,0.022998048,709.52704
543,39.202904,63.7734,478.02078,0.02319336,820.6919
544,25.2192,59.91798,563.997,0.023779297,775.17725
545,23.48268,56.27445,627.0751,0.025048828,790.11145
546,9.513542,51.59836,761.1599,0.026220703,730.2642
547,15.028874,47.94141,805.4034,0.027929688,688.8555
548,3.1762972,43.464897,905.2154,0.02709961,600.06396
549,19.950264,41.113434,864.45825,0.026611328,725.2048
550,23.517437,39.353836,805.8781,0.027539063,715.9778
551,23.96043,37.814495,746.6164,0.027148439,705.31024
552,33.316128,37.36466,673.77594,0.026171876,791.28015
553,24.122189,36.040413,622.181,0.026123047,738.6338
554,35.637695,36.00014,559.97754,0.025390625,831.5777
555,25.083656,34.908493,514.7051,0.023144532,787.8396
556,6.900108,32.107655,533.8368,0.024267578,724.5868
557,12.834528,30.180342,513.8839,0.02319336,790.0314
558,18.918941,29.054201,473.9092,0.025488282,761.4233
559,28.985964,29.047377,426.51868,0.023095703,780.5955
560,30.291225,29.17176,384.00604,0.022314453,744.9852
561,37.97283,30.051868,352.57672,0.020800782,756.23456
562,30.864487,30.133131,317.37848,0.022460938,721.7986
563,26.04772,29.72459,287.1428,0.023388673,636.7693
564,24.395386,29.19167,260.98456,0.021582032,659.97516
565,5.4170856,26.81421,285.75687,0.021533204,644.04266
566,-1.5726652,23.975523,329.7045,0.020507812,644.0598
567,-10.308636,20.547108,402.52036,0.018798828,587.9694
568,-23.652529,16.127144,538.093,0.019921875,478.56982
569,-27.753006,11.739128,657.5758,0.020751953,450.4121
570,-7.1801996,9.847196,624.0329,0.018896485,574.11926
571,1.6596444,9.02844,567.66284,0.021191407,471.34357
572,21.650715,10.290668,525.23553,0.021289064,554.7393
573,25.875652,11.849166,494.57224,0.021289064,550.4025
574,31.043335,13.768582,478.27243,0.021630859,662.4587
575,30.59578,15.451303,455.92908,0.021484375,709.83887
576,28.169014,16.723074,424.89276,0.020556642,775.13464
577,18.010023,16.851768,382.55252,0.020458985,799.9838
578,-1.3245039,15.034142,374.0312,0.017822266,703.48553
579,-10.909428,12.439785,397.20425,0.018359376,694.03436
580,-4.526819,10.743125,383.39172,0.018066406,725.65393
581,-5.874572,9.081355,369.90585,0.019140625,660.8463
582,10.2061825,9.193838,333.02914,0.01928711,738.8981
583,20.261917,10.300646,310.75143,0.01977539,678.22754
584,21.243958,11.394977,290.45435,0.020947266,659.43787
585,33.92147,13.647626,307.07877,0.02216797,775.68146
586,35.098648,15.792728,317.78406,0.021142578,843.8669
587,20.713333,16.284788,288.18475,0.02241211,772.4387
588,0.8022592,14.736535,280.94006,0.01821289,681.215
589,-13.932864,11.869595,326.82016,0.020117188,662.6248
590,-28.973522,7.7852826,444.27255,0.019384766,663.2189
591,-16.040733,5.4026814,450.9364,0.021337891,785.3645
592,-32.678318,1.5945811,536.35736,0.017871095,701.264
593,-31.150843,-1.6799612,579.2252,0.018945312,717.8428
594,-14.340074,-2.9459724,535.7277,0.020019531,790.6399
595,-16.026417,-4.254017,497.55377,0.018603517,804.70953
596,-0.07808018,-3.8364232,449.36783,0.021826172,853.10345
597,23.11536,-1.1412446,469.80692,0.021289064,950.518
598,37.219078,2.6947875,555.2625,0.021191407,988.8365
599,77.97951,10.22326,1009.83734,0.026464844,1194.9825
600,44.981236,13.699058,1017.5841,0.023144532,1018.75586
601,53.423668,17.671518,1057.8496,0.023535157,1006.1555
602,59.390526,21.84342,1108.7075,0.021972656,1010.7532
603,31.181252,22.777203,1005.68427,0.02216797,910.3364
604,36.683678,24.16785,922.52094,0.020800782,948.47327
605,31.262701,24.877335,834.79913,0.021289064,950.9787
606,39.229973,26.3126,769.859,0.021386718,1035.4022
607,51.13824,28.795164,748.3412,0.01982422,1011.5067
608,52.95725,31.211372,726.0496,0.021484375,1010.6918
609,37.13812,31.804047,656.606,0.018994141,934.3967
610,47.427742,33.366417,612.91437,0.020751953,1018.9437
611,34.82498,33.51227,551.8144,0.022216797,985.5673
612,12.823471,31.443392,535.15533,0.021679688,857.11566
613,16.386217,29.937674,502.04446,0.022998048,904.1137
614,11.769782,28.120884,481.5465,0.021337891,783.1586
615,17.768127,27.085608,443.038,0.021826172,796.8273
616,15.267101,25.903757,411.3051,0.021582032,841.1511
617,17.602055,25.073587,376.37723,0.020703126,812.7205
618,17.53453,24.319681,343.85486,0.021142578,859.8925
619,0.5136857,21.939081,360.47464,0.020507812,891.6313
620,-11.913626,18.55381,427.5677,0.017578125,904.2439
621,-5.8407984,16.11435,438.36963,0.019091798,976.0004
622,-17.448349,12.75808,495.91354,0.019970704,869.77563
623,3.9396315,11.876235,453.321,0.01821289,987.7408
624,-2.0422316,10.484388,425.42404,0.01982422,945.3217
625,-13.156238,8.120326,433.18076,0.019238282,857.3379
626,-36.87146,3.6211472,572.04614,0.01953125,715.50836
627,-31.456905,0.11334181,625.5838,0.019970704,794.4554
628,-33.30224,-3.2282164,663.5195,0.02216797,802.69824
629,-39.274567,-6.8328514,714.10803,0.02060547,743.38635
630,-50.327923,-11.182359,812.9611,0.019335939,605.821
631,-29.468418,-13.010964,761.75916,0.019970704,705.44666
632,-18.328583,-13.5427265,688.1282,0.020361328,809.9293
633,-27.676373,-14.956091,637.29376,0.0171875,751.01624
634,-30.0774,-16.468222,594.14325,0.019140625,840.73535
635,-25.566635,-17.378063,542.17926,0.016503906,880.32635
636,-25.841051,-18.224361,494.40732,0.01796875,869.047
637,-19.031195,-18.305044,445.02515,0.018603517,923.11633
638,-25.048632,-18.979403,404.61548,0.01669922,866.726
639,-33.222088,-20.403671,382.41077,0.016796876,876.1006
640,-32.881706,-21.651474,358.1828,0.016796876,913.8307
641,-52.39548,-24.725874,407.43198,0.016992187,895.7931
642,-53.642097,-27.617496,441.9421,0.017529298,889.0886
643,-56.138268,-30.469574,470.95697,0.017236328,800.0063
644,-36.245056,-31.047123,426.86334,0.016992187,812.6008
645,-22.173576,-30.15977,391.26358,0.016748047,819.45197
646,-25.630552,-29.706848,353.98346,0.01826172,834.87836
647,-45.778053,-31.313969,341.83063,0.016406251,666.09595
648,-53.356674,-33.518238,351.37683,0.016015625,715.91864
649,-75.577225,-37.724136,475.44543,0.016015625,706.3883
650,-88.34763,-42.786488,658.54736,0.015966797,712.1125
651,-98.51313,-48.359154,872.1839,0.013476563,627.27496
652,-88.19446,-52.342686,927.7821,0.014013672,706.3194
653,-81.28473,-55.23689,910.3916,0.0145019535,722.20135
654,-83.20352,-58.033554,889.7443,0.014013672,716.04266
655,-85.4908,-60.779278,868.6209,0.012988281,720.1478
656,-87.14885,-63.416237,844.3407,0.014306641,738.2415
657,-96.150635,-66.689674,856.3453,0.014990235,720.22644
658,-100.13087,-70.03379,871.35895,0.013378906,715.0799
659,-110.62294,-74.092705,932.4961,0.014746094,605.26404
660,-104.75258,-77.15869,923.849,0.015039063,625.6466
661,-92.55911,-78.69873,852.80963,0.015136719,721.2887
662,-88.38097,-79.666954,775.96576,0.016552735,632.71735
663,-77.585526,-79.45881,698.7591,0.016992187,688.8074
664,-66.388306,-78.15176,644.2586,0.01669922,763.65125
665,-79.50975,-78.28755,579.99866,0.016406251,729.74756
666,-85.93069,-79.051865,527.25635,0.015380859,731.3394
667,-105.000534,-81.64673,535.13074,0.016064454,484.64517
668,-111.992386,-84.6813,564.49493,0.014746094,479.11395
669,-112.50731,-87.4639,577.73126,0.014355469,461.9052
670,-99.81763,-88.69927,533.6934,0.013867187,541.5607
671,-87.743576,-88.6037,480.40625,0.014013672,540.49
672,-81.95494,-87.93882,436.34415,0.013623047,623.4482
673,-93.66071,-88.51101,395.65634,0.014355469,621.6033
674,-102.17668,-89.87758,372.89825,0.0126953125,547.8001
675,-105.74492,-91.46431,358.26794,0.014160156,520.18616
676,-107.96871,-93.114746,346.95673,0.014111328,508.9792
677,-108.60092,-94.66336,333.845,0.013720703,428.58414
678,-105.76419,-95.773445,311.55106,0.014599609,424.11023
679,-106.12411,-96.80851,290.0382,0.014892578,425.44763
680,-110.51236,-98.178894,277.93597,0.0145019535,525.80634
681,-110.75219,-99.436226,264.37027,0.011816407,594.7855
682,-121.670105,-101.659615,282.42432,0.0125,615.3359
683,-117.3824,-103.231895,276.43042,0.012988281,702.4521
684,-121.21895,-105.0306,277.90543,0.012304688,704.88574
685,-130.3731,-107.56485,307.91663,0.013232422,607.80396
686,-132.85527,-110.093895,334.68945,0.013964844,587.86414
687,-136.1422,-112.69872,362.28677,0.014550782,566.248
688,-141.90045,-115.6189,402.80478,0.013964844,482.8498
689,-159.96361,-120.05337,539.5051,0.014404297,419.6207
690,-156.45587,-123.69362,604.8174,0.014599609,481.04788
691,-159.2625,-127.2505,658.1987,0.0146484375,446.76462
692,-151.0278,-129.62823,643.2612,0.014013672,447.83987
693,-130.65752,-129.73117,579.03046,0.014208985,608.23627
694,-108.99559,-127.657616,559.82416,0.014013672,703.23956
695,-104.27669,-125.31952,553.0419,0.01508789,735.00446
696,-120.25601,-124.81317,500.0452,0.014355469,561.1049
697,-121.78146,-124.51,450.8679,0.014892578,629.7505
698,-134.29709,-125.48871,414.40192,0.014257813,578.198
699,-130.60915,-126.000755,375.3214,0.013769532,612.255
700,-126.11193,-126.01187,337.79037,0.014160156,552.6177
701,-113.7379,-124.78448,317.56985,0.013134765,698.8803
702,-123.11279,-124.61731,286.06436,0.014160156,697.31433
703,-141.5307,-126.30865,283.20358,0.012207031,641.03455
704,-151.65565,-128.84335,312.7056,0.013964844,556.5276
705,-147.09137,-130.66815,311.40414,0.012646484,601.2837
706,-140.80457,-131.6818,289.51096,0.012402344,602.29895
707,-125.591,-131.07271,263.89865,0.013916016,650.0118
708,-121.90016,-130.15546,245.081,0.013623047,639.637
709,-129.34148,-130.07407,220.63252,0.01381836,641.3393
710,-147.45078,-131.81174,225.74477,0.013134765,599.9481
711,-145.40019,-133.17058,219.78844,0.012353516,681.45044
712,-160.5509,-135.90862,265.28098,0.011328125,667.70325
713,-154.93477,-137.81123,271.3324,0.011572266,693.0349
714,-154.22626,-139.45273,268.44992,0.010644532,692.025
715,-147.56932,-140.26439,247.53406,0.01225586,711.1238
716,-155.76863,-141.81482,244.41498,0.0105957035,656.1381
717,-162.26678,-143.86002,257.61893,0.012304688,637.57654
718,-153.00652,-144.77466,239.38629,0.011523438,804.6621
719,-158.5101,-146.14821,232.42728,0.011132813,826.52783
720,-141.52756,-145.68614,211.10608,0.010839844,900.7695
721,-140.70883,-145.18842,192.22508,0.010839844,839.21124
722,-139.50589,-144.62016,175.90877,0.01171875,753.1837
723,-125.325584,-142.6907,191.82315,0.012158203,782.38025
724,-127.75563,-141.1972,192.71591,0.012353516,799.1134
725,-150.6926,-142.14674,181.55894,0.010839844,733.3276
726,-168.53476,-144.78555,226.07251,0.01118164,714.6793
727,-179.63846,-148.27084,312.7905,0.012988281,655.34955
728,-168.5193,-150.29568,318.41144,0.0109375,690.2391
729,-151.91916,-150.45804,286.8075,0.010693359,713.32715
730,-153.72754,-150.78499,259.0888,0.011865235,662.9748
731,-156.53311,-151.3598,236.1536,0.011425781,629.1607
732,-155.7806,-151.80188,214.29713,0.0107421875,689.02185
733,-168.60571,-153.48227,218.28061,0.011767578,604.58746
734,-169.28836,-155.06288,218.93747,0.010009766,583.94714
735,-165.81038,-156.13763,207.4395,0.010058594,544.68726
736,-152.81384,-155.80525,187.68982,0.010009766,545.4554
737,-148.13086,-155.03781,174.2215,0.0109375,542.9819
738,-152.15211,-154.74924,157.54878,0.010009766,577.12054
739,-151.51976,-154.42628,142.73256,0.0105957035,629.9245
740,-172.4791,-156.23157,157.79065,0.010253906,608.0524
741,-171.31297,-157.73972,162.48196,0.010302735,665.60266
742,-174.76004,-159.44174,172.306,0.0087890625,670.3426
743,-174.37042,-160.93462,175.13329,0.00859375,723.0436
744,-171.39557,-161.98071,167.4688,0.008935547,773.9335
745,-174.94879,-163.27753,165.85732,0.0087890625,782.707
746,-183.19128,-165.2689,184.96178,0.009277344,822.4445
747,-204.2702,-169.16904,303.36472,0.008154297,760.2361
748,-208.97491,-173.14963,415.63394,0.008837891,750.7643
749,-200.1545,-175.85011,439.7042,0.009179688,757.98553
750,-200.84901,-178.35,451.97882,0.010009766,701.7489
751,-187.45514,-179.26051,414.24225,0.008398438,711.6014
752,-195.51396,-180.88586,396.59372,0.00991211,664.5589
753,-205.55276,-183.35255,411.69537,0.00859375,631.9726
754,-211.44882,-186.16219,441.57187,0.008203126,613.0865
755,-213.53546,-188.8995,464.85132,0.007763672,605.5347
756,-206.31897,-190.64145,445.67557,0.009375,591.82526
757,-198.93628,-191.47093,407.30038,0.007275391,573.0358
758,-178.3866,-190.1625,381.97833,0.008935547,707.3304
759,-190.80789,-190.22705,343.818,0.009472656,564.6974
760,-191.30428,-190.33478,309.54062,0.008300781,667.9801
761,-203.52657,-191.65396,294.24863,0.0086425785,667.74585
762,-211.09006,-193.59756,298.82233,0.00834961,698.45636
763,-214.99028,-195.73683,310.12845,0.0087890625,698.829
764,-211.78665,-197.34181,302.29932,0.008984375,667.8594
765,-204.84525,-198.09216,277.1365,0.008105469,569.239
766,-190.03705,-197.28665,255.2625,0.009228515,564.31006
767,-181.35306,-195.6933,252.5854,0.010449219,573.8945
768,-177.15607,-193.83957,258.25348,0.00913086,593.07587
769,-182.68661,-192.72427,243.62308,0.009716797,590.1702
770,-189.47818,-192.39966,220.2091,0.008984375,600.0634
771,-200.73967,-193.23366,204.44821,0.008886719,592.054
772,-216.91132,-195.60143,234.4602,0.008691407,552.19775
773,-216.5761,-197.6989,250.60849,0.010107422,625.96606
774,-223.37894,-200.2669,284.89944,0.00913086,625.5241
775,-221.56667,-202.39688,297.24066,0.009472656,628.43317
776,-222.30702,-204.3879,303.19382,0.009863282,626.82635
777,-235.78946,-207.52805,361.6197,0.008740234,450.15042
778,-226.52557,-209.4278,357.93927,0.008935547,491.20844
779,-226.00563,-211.08557,346.87955,0.008740234,476.3022
780,-212.37524,-211.21454,312.34128,0.0087890625,623.4336
781,-228.0531,-212.89839,306.6255,0.008300781,516.3363
782,-227.15076,-214.32362,294.24463,0.008691407,526.4659
783,-232.62582,-216.15384,294.96753,0.008447266,481.47296
784,-230.68723,-217.60718,284.4805,0.008203126,487.9712
785,-227.79077,-218.62553,265.36594,0.009570313,527.4403
786,-229.61575,-219.72455,249.69998,0.008740234,552.49475
787,-230.91148,-220.84325,235.99324,0.008544922,620.2263
788,-246.23248,-223.38217,270.40912,0.008203126,582.08093
789,-242.46558,-225.29051,276.14407,0.00859375,671.2572
790,-236.40881,-226.40234,259.65515,0.00859375,650.5256
791,-233.79977,-227.14209,238.61461,0.008496094,601.4826
792,-224.66614,-226.8945,215.30487,0.0071289064,625.80396
793,-235.77034,-227.78209,200.86462,0.0076171877,490.03845
794,-240.40924,-229.0448,195.12819,0.0069335937,489.96484
795,-244.09488,-230.5498,196.00081,0.0064941407,491.71854
796,-261.7777,-233.67259,264.1671,0.0075195315,337.96512
797,-267.43655,-237.04898,340.35086,0.007080078,337.93323
798,-268.3874,-240.18282,394.7044,0.0071289064,336.53503
799,-270.27075,-243.1916,436.7095,0.008203126,315.1507
800,-265.38025,-245.41046,437.34875,0.007763672,347.9612
801,-263.87653,-247.25706,424.30347,0.008203126,346.32898
802,-247.60132,-247.29149,381.88376,0.008203126,539.61334
803,-248.064,-247.36874,343.74908,0.0073242188,491.5471
804,-245.16089,-247.14796,309.81287,0.007763672,496.60345
805,-256.14624,-248.04779,286.11877,0.0071777343,316.00412
806,-274.15494,-250.65851,318.8494,0.006884766,234.72629
807,-281.1755,-253.7102,370.7803,0.008935547,241.42245
808,-274.97748,-255.83693,374.409,0.0073242188,471.14722
809,-268.3083,-257.08408,350.96622,0.0072265626,477.13242
810,-254.5792,-256.8336,316.4343,0.008105469,512.7526
811,-234.06271,-254.5565,331.45703,0.006982422,648.19354
812,-235.47542,-252.64839,331.07922,0.0068359375,629.7006
813,-226.38623,-250.02217,360.0444,0.006640625,693.16907
814,-232.49051,-248.26901,351.7023,0.0070312503,693.2124
815,-244.05887,-247.84799,318.12732,0.0067871097,662.81165
816,-264.06622,-249.46982,309.98737,0.0071289064,607.3724
817,-268.94446,-251.41728,313.12216,0.0063476562,608.2054
818,-270.0315,-253.2787,312.99396,0.006054688,606.0739
819,-270.33594,-254.98442,307.88,0.0071289064,606.4395
820,-267.76398,-256.2624,291.79053,0.0056640627,608.4717
821,-258.88556,-256.52472,263.23077,0.0071777343,622.05884
822,-253.02676,-256.17493,238.00891,0.006054688,621.1327
823,-252.35432,-255.79286,215.52174,0.0061035156,622.7009
824,-258.13788,-256.02737,194.46448,0.0071777343,602.8844
825,-270.85822,-257.51047,194.81387,0.0063476562,598.52075
826,-282.32416,-259.99182,230.74722,0.0071777343,600.2141
827,-297.6559,-263.75824,335.34506,0.006640625,558.5957
828,-298.2065,-267.20306,408.61206,0.006152344,544.5915
829,-284.2925,-268.91202,394.03528,0.0073242188,544.38153
830,-274.50156,-269.47098,357.4436,0.00625,542.6173
831,-267.90408,-269.3143,321.9202,0.0067382813,542.1543
832,-260.1116,-268.39404,297.35025,0.007421875,580.4787
833,-257.96722,-267.35135,277.3999,0.0059082033,708.11145
834,-265.98972,-267.21518,249.82677,0.0067382813,713.40356
835,-277.97333,-268.291,235.26048,0.006542969,715.20984
836,-297.74487,-271.2364,289.81226,0.006542969,566.7388
837,-290.59058,-273.1718,294.54364,0.0067382813,715.08417
838,-282.1103,-274.06567,272.27994,0.0064941407,766.4362
839,-274.874,-274.1465,245.11075,0.0048339847,763.4192
840,-268.5282,-273.5847,223.44057,0.006201172,778.1434
841,-271.32043,-273.35828,201.55792,0.005859375,777.72595
842,-278.3498,-273.85742,183.64449,0.006054688,777.7142
843,-287.8396,-275.25565,182.87514,0.006542969,767.9262
844,-290.01346,-276.7314,184.189,0.0061035156,776.5172
845,-290.84775,-278.14304,183.70447,0.0062988284,789.47705
846,-287.31616,-279.06036,172.90718,0.0061035156,792.02484
847,-287.45392,-279.89972,161.95712,0.0064453124,760.8024
848,-286.2129,-280.53104,149.34845,0.006054688,758.2079
849,-276.50726,-280.12866,135.87077,0.006054688,839.26605
850,-293.74628,-281.49042,138.97324,0.0064941407,651.7166
851,-296.62415,-283.00378,145.68858,0.0064453124,648.9422
852,-298.1789,-284.5213,151.84528,0.006591797,646.90656
853,-295.71594,-285.64078,147.93954,0.0059082033,645.94495
854,-293.41666,-286.41837,138.58737,0.005859375,700.99677
855,-290.8339,-286.85992,126.48335,0.0062988284,702.81573
856,-282.45938,-286.41986,115.57784,0.005957031,833.3507
857,-294.312,-287.20908,109.6258,0.0049804687,830.3283
858,-304.3051,-288.91867,124.967926,0.00546875,846.13605
859,-320.0713,-292.03394,199.81482,0.005517578,780.7041
860,-319.87473,-294.81802,249.59319,0.006152344,779.6773
861,-327.1806,-298.0543,318.89417,0.005957031,727.15234
862,-325.319,-300.78076,353.90753,0.0067382813,723.1028
863,-317.18353,-302.42105,342.73135,0.0063476562,735.36255
864,-310.42548,-303.2215,314.22458,0.005957031,756.608
865,-291.78278,-302.07764,294.57812,0.005419922,864.7431
866,-291.36835,-301.0067,275.44232,0.006982422,772.95123
867,-269.3411,-297.84015,338.14212,0.006689453,774.5137
868,-250.4527,-293.1014,506.42923,0.0069335937,741.2858
869,-240.5127,-287.84253,704.68787,0.006884766,735.0641
870,-232.37692,-282.29596,911.0981,0.0064941407,803.5141
871,-239.16513,-277.98288,987.4125,0.0063964846,856.69745
872,-250.94614,-275.2792,954.45984,0.006689453,856.95807
873,-266.2071,-274.372,866.42114,0.0063964846,758.96893
874,-269.22308,-273.85712,782.16504,0.005957031,757.9046
875,-268.62906,-273.33432,706.40845,0.0056152344,759.8272
876,-276.04895,-273.60577,636.43085,0.006689453,759.3319
877,-280.77673,-274.32288,577.4158,0.0063964846,780.37146
878,-297.97937,-276.68854,570.04083,0.0070312503,711.0739
879,-307.09265,-279.72894,596.23364,0.006201172,711.1076
880,-306.976,-282.45364,603.4265,0.0067871097,710.8485
881,-311.5514,-285.3634,619.285,0.0060058595,587.3746
882,-304.4975,-287.27682,590.3067,0.006054688,607.5478
883,-298.5845,-288.4076,542.78375,0.0056152344,613.1223
884,-297.44067,-289.3109,495.84906,0.0064941407,616.75006
885,-313.2328,-291.7031,497.76718,0.005810547,445.38635
886,-323.6519,-294.89798,539.8557,0.0063476562,511.4841
887,-333.3814,-298.74634,619.1578,0.006982422,510.9788
888,-324.66614,-301.33832,617.7072,0.0060058595,671.4647
889,-319.23956,-303.12845,584.7774,0.0055664065,670.3234
890,-310.41956,-303.85754,531.0841,0.0057128905,672.7259
891,-303.4397,-303.81577,477.9914,0.0064941407,638.1328
892,-303.28143,-303.76233,430.21796,0.006591797,637.83606
893,-308.1682,-304.2029,388.94324,0.005419922,637.63983
894,-317.66052,-305.54868,366.34854,0.0063476562,637.77655
895,-332.72372,-308.26617,396.1772,0.005859375,486.83664
896,-340.79663,-311.51923,451.8002,0.00546875,487.71136
897,-340.68387,-314.4357,483.17206,0.005761719,489.85834
898,-334.93503,-316.48563,472.6749,0.005761719,521.2618
899,-333.92282,-318.22934,452.77243,0.006201172,479.58432
900,-326.42828,-319.04922,413.5452,0.006884766,476.4317
901,-321.25162,-319.26947,372.6272,0.0057128905,476.27222
902,-316.99133,-319.04166,335.83154,0.006542969,470.72278
903,-316.05634,-318.74313,303.05048,0.0057128905,474.8083
904,-320.05453,-318.87427,272.90018,0.005419922,470.53067
905,-324.08936,-319.39578,248.0579,0.0057128905,478.95435
906,-333.5377,-320.80997,241.25153,0.005126953,480.01257
907,-343.56006,-323.08496,263.70737,0.0050781253,480.39935
908,-352.58447,-326.0349,315.65652,0.0059082033,446.9122
909,-350.95468,-328.5269,339.9804,0.0056640627,459.49643
910,-351.98828,-330.87302,355.5217,0.005810547,468.66815
911,-361.60437,-333.94617,404.96698,0.0061035156,414.9494
912,-363.7749,-336.92905,444.54807,0.005761719,414.95383
913,-362.13916,-339.45007,457.29276,0.005761719,428.15326
914,-358.59314,-341.36438,444.5446,0.00625,413.52396
915,-349.97638,-342.2256,406.7651,0.005517578,415.11002
916,-342.05988,-342.209,366.09106,0.005810547,459.38425
917,-344.02673,-342.39078,329.77933,0.0053710938,458.28406
918,-345.977,-342.7494,297.9589,0.005957031,445.84674
919,-346.6759,-343.14203,269.55057,0.005322266,519.08966
920,-353.5358,-344.1814,252.31824,0.006591797,448.31717
921,-344.0119,-344.16446,227.08899,0.005517578,628.4283
922,-339.85358,-343.73337,206.05261,0.00625,743.89465
923,-348.35733,-344.19577,187.37164,0.0048339847,674.6586
924,-346.23358,-344.39954,169.00821,0.0056640627,677.09015
925,-341.60297,-344.11987,152.81125,0.0044921874,688.077
926,-341.6292,-343.87082,138.08842,0.0057128905,685.6131
927,-347.48224,-344.23196,125.453384,0.005517578,640.7564
928,-343.95618,-344.20438,112.91489,0.0057128905,643.1071
929,-346.15222,-344.39917,101.96487,0.0064453124,572.4341
930,-339.86807,-343.94604,93.61616,0.005859375,605.16895
931,-332.08765,-342.7602,96.910484,0.0053710938,603.8948
932,-333.23395,-341.80756,95.38688,0.005859375,564.3732
933,-325.03662,-340.13046,111.16197,0.0064941407,597.67474
934,-326.24158,-338.74158,117.406876,0.005126953,476.53467
935,-328.31046,-337.69846,115.45893,0.0051757814,482.50897
936,-335.12576,-337.4412,104.50872,0.0063476562,481.5217
937,-349.72687,-338.66977,107.64225,0.0053710938,423.05646
938,-357.26477,-340.52927,127.997696,0.00546875,415.2662
939,-348.5928,-341.33563,121.049774,0.0067382813,491.96384
940,-346.89685,-341.89175,111.72823,0.004736328,492.77655
941,-341.79144,-341.8817,100.55631,0.0059082033,505.50858
942,-344.00067,-342.0936,90.90478,0.0063964846,496.43976
943,-350.65048,-342.94928,88.40412,0.0053710938,420.9909
944,-352.07788,-343.86215,87.06353,0.005859375,417.78574
945,-357.42038,-345.218,94.901474,0.0056152344,416.86685
946,-363.82715,-347.07892,116.5784,0.0044921874,414.75043
947,-372.0393,-349.57495,160.99245,0.0062988284,415.7053
948,-381.24542,-352.742,235.16487,0.0057128905,404.19907
949,-390.3214,-356.49994,338.74744,0.0056640627,406.39145
950,-396.0091,-360.45087,445.3603,0.005810547,407.475
951,-394.42453,-363.84824,504.70312,0.00625,412.02924
952,-387.65216,-366.22864,505.2292,0.0069335937,414.97076
953,-378.65985,-367.47177,468.6144,0.0060058595,412.63977
954,-365.3916,-367.26376,422.1424,0.0067871097,418.71448
955,-354.3813,-365.97552,394.86438,0.0067871097,427.13483
956,-346.34106,-364.0121,390.074,0.005810547,427.10916
957,-340.98267,-361.70914,398.7985,0.006054688,428.0444
958,-333.43744,-358.88196,430.85464,0.007763672,424.58093
959,-334.36926,-356.4307,441.84766,0.006591797,331.3097
960,-320.7865,-352.86627,512.0086,0.0072265626,393.8591
961,-317.17004,-349.29666,575.4876,0.007714844,381.07358
962,-316.36646,-346.00363,615.5347,0.0072265626,408.89246
963,-315.04376,-342.90765,640.2475,0.006689453,409.58237
964,-312.4613,-339.863,659.651,0.0070312503,434.11166
965,-312.76318,-337.153,659.7819,0.0064941407,425.07266
966,-316.29068,-335.06677,632.97504,0.0070312503,424.82056
967,-323.81705,-333.9418,581.06757,0.006591797,428.5878
968,-331.83514,-333.73114,523.3602,0.006591797,430.92264
969,-333.52405,-333.71042,471.02805,0.0071289064,421.37793
970,-333.62067,-333.70145,423.92593,0.0063476562,418.50992
971,-332.48486,-333.57977,381.66653,0.007080078,386.65204
972,-327.97632,-333.01944,346.32574,0.0064941407,388.7289
973,-330.8412,-332.8016,312.1202,0.005761719,380.41
974,-333.94476,-332.91592,281.0258,0.0067382813,380.87323
975,-342.4225,-333.86658,261.05692,0.005859375,380.7739
976,-354.69803,-335.9497,274.00665,0.0063476562,374.75113
977,-368.37073,-339.1918,341.207,0.005761719,375.5008
978,-378.9477,-343.1674,449.33405,0.006201172,394.81543
979,-386.30923,-347.48157,571.91034,0.005859375,397.34885
980,-394.43237,-352.17664,713.1133,0.0056640627,397.74908
981,-403.42133,-357.30112,878.14355,0.0044433596,393.5134
982,-412.43353,-362.81436,1063.8917,0.0056152344,370.02
983,-417.61325,-368.29425,1227.7653,0.0044433596,369.9528
984,-421.78967,-373.6438,1362.5471,0.0047851563,369.40756
985,-426.97906,-378.97733,1482.3109,0.0048339847,369.25577
986,-439.08405,-384.988,1659.2334,0.0047851563,311.5553
987,-447.78473,-391.26767,1848.2185,0.005029297,310.13364
988,-444.3593,-396.57684,1917.0817,0.0059082033,410.22113
989,-444.55524,-401.3747,1932.5469,0.005126953,409.66278
990,-449.84387,-406.22162,1950.7256,0.006054688,306.77756
991,-442.24445,-409.8239,1872.4409,0.0052246093,305.6591
992,-433.5727,-412.1988,1735.9572,0.007080078,306.03778
993,-422.11066,-413.18997,1571.2034,0.006689453,306.85043
994,-411.2906,-413.00003,1414.4076,0.004931641,306.25183
995,-400.5824,-411.75827,1286.8446,0.005517578,304.834
996,-397.49133,-410.33157,1176.4791,0.0061035156,212.55872
997,-385.46112,-407.84454,1114.4996,0.007080078,427.20145
998,-386.8258,-405.74268,1042.8104,0.00625,428.61606
999,-393.66864,-404.53528,951.6498,0.006591797,428.57632
